Unnamed: 0.1,Unnamed: 0,orf,gene,seq.len,left.bound,right.bound,region.seq,region.len,charge.asymmetry,frac.charge,uni_id,orf_label,kappa,label,p_helix,p_disorder,p_sheets
3,3,YAL011W,SWC3,626,470,525,KSVVEFLEDTDEIIISWIVIHNSKEIEKFKTKKIKAKLKADQKLNKEDAKPGSDVE,56,0.0007142857142857,0.4285714285714285,P31376,verified,0.2653953987744443,unclassified,,,
8,8,YAL031C,GIP4,761,404,455,DCWKYIEKNYKTFDETNDLRENLKEKLERDKALYLEVKNAKSKLKKKPSITK,52,0.0192307692307692,0.4807692307692308,P39732,verified,0.1739406239984059,unclassified,,,
15,15,YAR003W,SWD1,427,353,401,DFEEVEENVDYLEKEDEFDEVDEAEQQQGLEQEEEIAIDLRTREQYDVR,49,0.2543171114599686,0.5306122448979592,P39706,verified,0.2746794232189369,unclassified,,,
16,16,YAR008W,SEN34,276,82,132,KIVNDRLNKSFEYQRKFKKDEHIAKLKKIGRINDKTTAEELQRLDKSSNND,51,0.0294117647058823,0.4509803921568627,P39707,verified,0.1582763786676118,unclassified,,,
18,18,YAR042W,SWH1,1189,1104,1155,DSRLRPDQRAMENGEYDKAAAEKHRVEVKQRAAKKEREQKGEEYRPKWFVQE,52,0.0064102564102564,0.5,P35845,verified,0.0783183590838901,unclassified,,,
19,19,YBL007C,SLA1,1245,554,623,EKFKANDGSSSRGTDSRDSERERRRRLKEQEEKERDRRLKERELYELKKARELLDEERSRLQEKELPPIK,70,0.0029900332225913,0.6142857142857143,P32790,verified,0.0783001095016774,unclassified,,,
20,20,YBL011W,SCT1,760,597,653,DSAALREEFDVIDEEEEDRKTSELNRRKMLRKQKIKRQEKDSSSPIISQRDNHDAYE,57,0.0023391812865497,0.5087719298245614,P32784,verified,0.3094242656986707,unclassified,,,
22,22,YBL022C,PIM1,1134,507,552,EQLKGIKRELGIDDGRDKLIDTYKERIKSLKLPDSVQKIFDDEITK,46,0.0,0.4782608695652174,P36775,verified,0.1332457871418345,unclassified,,,
23,23,YBL023C,MCM2,869,43,102,DMINPEGDDNEVDDVPDIDEVEEQMNEVDLMDDNMYEDYAADHNRDRYDPDQVDDREQQE,60,0.2688888888888889,0.4833333333333333,P29469,verified,0.1727813996488683,unclassified,,,
25,25,YBL028C,YBL028C,107,13,73,KSVKRRGVFQKAVDAREQRISDKLKEDLLKQKLEDLKKKEEQGIDMDVDEKKSNEEAPRKK,61,0.0077145612343298,0.5573770491803278,P38202,verified,0.1196148482272328,unclassified,,,
26,26,YBL046W,PSY4,442,256,309,DVTKNNSDDEDDDDNDDDYREDGADEDDEDDDHMGSTDDDEDDDEDRQAGESTK,54,0.3477366255144033,0.6481481481481481,P38193,verified,0.583137306312679,unclassified,,,
29,29,YBL078C,ATG8,118,5,53,KSEYPFEKRKAESERIADRFKNRIPVICEKAEKSDIPEIDKRKYLVPAD,49,0.0034013605442176,0.4897959183673469,P38182,verified,0.0961402391414605,unclassified,,,
31,31,YBL097W,BRN1,755,434,492,DTTDKNTTDDKSMDTKKKHKQKKVLEIDFFKTDDSFEDKVFASKGRTKIDMPIKNRKND,59,0.0090395480225988,0.4915254237288136,P38170,verified,0.2138245328897497,unclassified,,,
34,34,YBR023C,CHS3,1166,1124,1160,KKAQDENEGEFDHSKIKMRTWREFEREDILNRKEESD,37,0.0049140049140049,0.5675675675675675,P29465,verified,0.1868401991467976,unclassified,,,
35,35,YBR038W,CHS2,964,830,874,ETDWPQEVDKKFLEIKSRLKEPEFEESSGNEKQSKNDYYRDIRTR,45,0.004040404040404,0.4888888888888889,P14180,verified,0.130692859392034,unclassified,,,
40,40,YBR079C,RPG1,965,623,674,EQDAEVRQQRILEEKAAIEAKLEEEAHRRLIEKKKREFEAIKEREITKMITE,52,0.0006631299734748,0.5384615384615384,P38249,verified,0.0796076073229178,unclassified,,,
45,45,YBR084W,MIS1,976,505,548,KRLVPRKKGIRKFTPSMQRRLKRLDIEKEDPDALTPEEVKRFAR,44,0.0661157024793388,0.5,P09440,verified,0.2733101886934083,unclassified,,,
46,46,YBR108W,AIM3,948,34,83,KASKKHYNNSKARRERKSGKKNSSDEEYDSEDEMEYERKPTDIRSLKDPK,50,0.0114285714285714,0.54,P38266,verified,0.3147747657056619,unclassified,,,
55,55,YBR152W,SPP381,292,168,232,KQCLLLDDNDEVDSEKERQKWFERQNERKQKHRRIQLAKQRESEEYEAKRFEAMQKGKDGNTKYD,65,0.0018099547511312,0.5076923076923077,P38282,verified,0.2060060056605122,unclassified,,,
57,57,YBR172C,SMY2,741,375,450,KALLDEQEKRNRELKRKEEARLSKKQKQKEDDLLKKQKEQKEQKEKEALEAEKQKKSEKTKKDTQTQTEGFKTSKD,76,0.0143274853801169,0.5921052631578947,P32909,verified,0.094238896247624,unclassified,,,
58,58,YBR187W,GDT1,281,122,168,EGLEMSKDAGVEEEMAEVEEEIAIKDMNQDMDDVEKGGDTAYDKQLK,47,0.1392649903288201,0.4680851063829787,P38301,verified,0.2439657126776112,unclassified,,,
60,60,YBR231C,SWC5,304,4,72,ETKIIPNEKEDEDEDGYIEEEDEDFQPEKDKLGGGSDDSDASDGGDDYDDGVNRDKGRNKVDYSRIESE,69,0.1414022718370544,0.5362318840579711,P38326,verified,0.308416763534687,unclassified,,,
65,65,YBR245C,ISW1,1130,1063,1107,DDATKDRMKKEDENGKRIREEFADQTANEKENVDGVESKKAKIED,45,0.0136752136752136,0.5777777777777777,P38144,verified,0.1016926705349788,unclassified,,,
67,67,YBR267W,REI1,394,115,161,KLSLQENEENKEKEEPKKEEPEQLTEEEMAERVMQEKLRNRVDIPLE,47,0.0417021276595744,0.5319148936170213,P38344,verified,0.1543432327490627,unclassified,,,
70,70,YBR279W,PAF1,446,238,286,DHKDSAILENELEKGMDEMDDDSHEGKIYKFKRIRDYDMKQVAEKPMTE,49,0.0125588697017268,0.4897959183673469,P38351,verified,0.241171537715846,unclassified,,,
72,72,YBR289W,SNF5,906,460,510,RLEFDQDRDRFFLRDTLLWNKNDKLIKIEDFVDDMLRDYRFEDATREQHID,51,0.0120663650075414,0.4901960784313725,P18480,verified,0.0914298976166484,unclassified,,,
76,76,YCL024W,KCC4,1038,505,555,DDDDWEYIEKDAKRTSSNFATLIDEIFEPEKFELAKREKAELQRKVQEAKR,51,0.0120663650075414,0.5098039215686274,P25389,verified,0.1583795243307762,unclassified,,,
77,77,YCL031C,RRP7,298,243,291,KPISNIDKKAKKDFYRFQVRERKKQEINQLLSKFKEDQERIKVMKAKRK,49,0.0987755102040816,0.5102040816326531,P25368,verified,0.0995440803621678,unclassified,,,
78,78,YCL054W,SPB1,842,276,341,KFTIDENDHEWKILKKLKQTTDEFRSCIEDLKVLGKKDFKMILRWRKIAREILGIEVKDDAKTEIE,66,0.0018939393939393,0.4696969696969697,P25582,verified,0.200826001813081,unclassified,,,
83,83,YCL059C,KRR1,317,257,311,RKVDLEIESGEYFLSKREKQMKKLNEQKEKQMEREIERQEERAKDFIAPEEEAYK,55,0.0024242424242424,0.5454545454545454,P25586,verified,0.1233331026076412,unclassified,,,
86,86,YCL061C,MRC1,1097,656,712,EEVMAERNTIENEVKDDVYVNEEADEAIRRQLIDKEKLQLKQKEKEHEAKIKELKKR,57,0.0021929824561403,0.543859649122807,P25588,verified,0.1245268570825254,unclassified,,,
87,87,YCL061C,MRC1,1097,788,843,KNGGFRNKRAKNSLELELSDDDEDDVLQQYRLKRRELMRKRRLEIGDDAKLVKNPK,56,0.010204081632653,0.5,P25588,verified,0.4247659390823439,unclassified,,,
89,89,YCR003W,MRPL32,184,128,182,KTHTAKEEIKPRQEEELSELDQRVLYPGRRDTKYTKDLKDKDNYLERRVRTLKKD,55,0.0096969696969696,0.5272727272727272,P25348,verified,0.1203850208697072,unclassified,,,
93,93,YCR033W,SNT1,1227,552,613,KLSENLRKEEIENKRKEHELMEQKRREEGIETEKEKSLRHPSSSSSSRRRNRADFVDDAEME,62,0.0004608294930875,0.532258064516129,P25357,verified,0.1720681494959415,unclassified,,,
95,95,YCR036W,RBK1,334,201,241,ESVFDNELVEEIREKIKDDFLGEYRKICELLYEKLMNRKKR,41,0.0011614401858304,0.5121951219512195,P25332,verified,0.1790910522790874,unclassified,,,
97,97,YCR047C,BUD23,276,213,273,DGVTMDEENVNLKKQLRQRLKGGKDKESAKSFILRKKELMKRRGRKVAKDSKFTGRKRRHR,61,0.1311475409836065,0.5081967213114754,P25627,verified,0.2729994071900663,unclassified,,,
102,102,YDL018C,ERP3,226,105,149,KAHDKIVDLDFKYNCERQDDIRNERRKARKAQRNLRDSKTDPLQD,45,0.0148148148148148,0.5111111111111111,Q12403,verified,0.1508427026979915,unclassified,,,
103,103,YDL019C,OSH2,1284,1199,1241,DTRLRPDQRAMEDGRYDEAGDEKFRVEEKQRAARRKREENNLE,43,0.0009302325581395,0.5813953488372093,Q12451,verified,0.1386992736307712,unclassified,,,
104,104,YDL020C,RPN4,532,287,323,EDLLDERGHEKIEDEDEDNDLDEDDIYDISLLKNRRK,37,0.1126126126126126,0.6216216216216216,Q03465,verified,0.4394896973795826,unclassified,,,
105,105,YDL030W,PRP9,531,83,136,RDYQEKQQTFNKINRPEETQEDDKDLPNFERKLQQLEKELKNEDENFELDINSK,54,0.0256410256410256,0.4814814814814814,P19736,verified,0.1594367029256529,unclassified,,,
107,107,YDL058W,USO1,1791,1075,1136,KISELTKTREELEAELAAYKNLKNELETKLETSEKALKEVKENEEHLKEEKIQLEKEATETK,62,0.0080645161290322,0.5,P25386,verified,0.0811710574828979,unclassified,,,
111,111,YDL058W,USO1,1791,1687,1785,DLVNKEQAWKRDEDTVKKTTDSQRQEIEKLAKELDNLKAENSKLKEANEDRSEIDDLMLLVTDLDEKNAKYRSKLKDLGVEISSDEEDDEEDDEEDEEE,99,0.0748222970445192,0.5454545454545454,P25386,verified,0.3013561452574041,unclassified,,,
117,117,YDL074C,BRE1,701,225,265,DNTSKKSEKGDELVQAEDERKEDAENEKLELDLKFSDLRAE,41,0.0519618239660657,0.5609756097560976,Q07457,verified,0.0841057490930948,unclassified,,,
118,118,YDL079C,MRK1,502,113,153,KLSKEKVEKMINFDYRYIKTKERTIHKRVYKHDRKTDVDRK,41,0.1016260162601625,0.5365853658536586,P50873,verified,0.075704724344999,unclassified,,,
120,120,YDL095W,PMT1,818,771,816,EDLMNEDGKKIFKDTEGNELDPEVVKKMLEEEGANILKVEKRAVLE,46,0.0355731225296442,0.4782608695652174,P33775,verified,0.1963454309355122,unclassified,,,
121,121,YDL099W,BUG1,342,2,38,EQESDEVKRMKQLEEARKRVEELKKKKNKKNKGKKNK,37,0.072072072072072,0.6486486486486487,Q12191,verified,0.3114428267159444,unclassified,,,
123,123,YDL121C,YDL121C,150,85,145,RKFEIDSKTGLKRRVIGQYNKDPNDFDFDIDDLINEDELDERREEEKKLKKYNGKKNEAYE,61,0.0044709388971684,0.5409836065573771,Q07541,verified,0.271280837829372,unclassified,,,
125,125,YDL122W,UBP1,810,735,780,EYDFDEETGKMKDDLEAIQSNNEEDDEKEQEQKGVQEPKESQEQGE,46,0.1775362318840579,0.5217391304347826,P25037,verified,0.2104011200757059,unclassified,,,
126,126,YDL126C,CDC48,836,705,747,KYAIKDSIEAHRQHEAEKEVKVEGEDVEMTDEGAKAEQEPEVD,43,0.0495449949443882,0.4883720930232558,P25694,verified,0.1752016681282728,unclassified,,,
127,127,YDL135C,RDI1,203,6,45,DFSQFEEERNNDQYKVSAKKTVDEYKNLDAEDESLAKWKE,40,0.0328947368421052,0.475,Q12434,verified,0.2055486046915992,unclassified,,,
128,128,YDL139C,SCM3,224,181,222,DSEASDSEVDADNDTEEEKDEKLIDADFKKYEAKLSKRILRD,42,0.0634920634920634,0.5714285714285714,Q12334,verified,0.2234853012106479,unclassified,,,
130,130,YDL148C,NOP14,811,24,73,KSKNKKNSKRQAKEYDREEKKKAIAEIREEFNPFEIKAARNKRRDGLPSK,50,0.0599999999999999,0.54,Q99207,verified,0.1777828807091773,unclassified,,,
131,131,YDL148C,NOP14,811,87,143,KQIGEEQRKRAFEARKMMKNKRGGVIDKRFGERDKLLTEEEKMLERFTRERQSQSKR,57,0.0374269005847953,0.5263157894736842,Q99207,verified,0.1152506955980761,unclassified,,,
133,133,YDL148C,NOP14,811,255,352,KKNPMEPKTDLDKEYDIKVKELQLDKRAAPSDRTKTEEEKNAEAEEKKRELEQQRLDRMNGMIELEEGEERGVEDLDDGFWENEEDYEDDNDGIADSD,98,0.0695032730073161,0.5408163265306123,Q99207,verified,0.1831936794118077,unclassified,,,
134,134,YDL148C,NOP14,811,715,779,KYEENFNPDKKSYDPDRTRSEINKMKAQLKKERKFTMKEIRKDAKFEARQRIEEKNKESSDYHAK,65,0.0215384615384615,0.5230769230769231,Q99207,verified,0.0656970768593122,unclassified,,,
136,136,YDL150W,RPC53,423,135,196,ESSENEAEDDDNEGVASKSKKKFNMGKEFEARNLIEDEDDGESEKSSDVDMDDEEWRSKRIE,62,0.0929791271347248,0.5483870967741935,P25441,verified,0.4037808371046989,unclassified,,,
138,138,YDL153C,SAS10,611,127,185,EYYGADDLDDDEAAKEIEKEALRQQKKHLEELNMNDYLDEEEEEEWVKSAKEFDMGEFK,59,0.1038135593220339,0.5254237288135594,Q12136,verified,0.3464863362118918,unclassified,,,
140,140,YDL153C,SAS10,611,421,483,KIDQQENKKTDRFKGDDDIPYKERLFERQQRLLDEARKRGMHDNNGADLDDKDYGSEDEAVSR,63,0.0043290043290043,0.5079365079365079,Q12136,verified,0.1461813684941875,unclassified,,,
142,142,YDL161W,ENT1,455,134,171,DDERLNEERNMNIKGRNRKGRRRRGTGRSDENDDDLQR,38,0.0047846889952153,0.5789473684210527,Q12518,verified,0.3954003099584203,unclassified,,,
143,143,YDL166C,FAP7,198,24,70,EFLKNKLKDYKYYNISDFAKDNDCFEGYDEGRKSHIVDEDKLLDMLE,47,0.0154738878143133,0.4468085106382978,Q12055,verified,0.1524446119593542,unclassified,,,
144,144,YDL169C,UGX2,224,56,118,DAHEDNFDELILKIKGKLKTKSNKRAKMKSKTKLTRTAKQRRESPVCERDESDEDNDSDHYQR,63,0.012025012025012,0.492063492063492,P32772,verified,0.4128614639269023,unclassified,,,
145,145,YDL171C,GLT1,2146,1622,1665,DAVPDSKQLEKNSERIEKTRGFMIHKRRHETHRDPRTRVNDWKE,44,0.034090909090909,0.4772727272727273,Q12680,verified,0.0817239343858004,unclassified,,,
147,147,YDL189W,RBS1,458,158,202,KDQKIEIDDKSSTDLEQERIEKERLYEQRKQEIFDKLNKSEDDVK,45,0.0136752136752136,0.5777777777777777,Q05672,verified,0.0567145974001105,unclassified,,,
149,149,YDL208W,NHP2,157,31,71,KPLASKKLNKKVLKTVKKASKAKNVKRGVKEVVKALRKGEK,41,0.2888318356867779,0.4634146341463415,P32495,verified,0.1583434821996957,unclassified,,,
151,151,YDL213C,NOP6,226,3,41,EEDKKLTKKQLKAQQFRKSKEEKDQEKDVKKEQAPEGKR,39,0.0170940170940171,0.6153846153846154,Q07623,verified,0.1206433494968909,unclassified,,,
154,154,YDR002W,YRB1,202,71,132,EKVDVKTMEEDEEVLYKVRAKLFRFDADAKEWKERGTGDCKFLKNKKTNKVRILMRRDKTLK,62,0.0181451612903225,0.5161290322580645,P41920,verified,0.2387414098035419,unclassified,,,
158,158,YDR054C,CDC34,296,242,293,DNDDDDERIEFEDDDDDDDDSIDNDSVMDRKQPHKAEDESEDVEDVERVSKK,52,0.1983516483516483,0.6538461538461539,P14682,verified,0.4271668973647138,unclassified,,,
162,162,YDR068W,DOS2,311,31,76,ENNELQSRDDKTNEAFQKLEEEVNKRYEKTTSAFKKLVIEKDDGIE,46,0.0158102766798418,0.4782608695652174,P54858,verified,0.0949081363048846,unclassified,,,
163,163,YDR068W,DOS2,311,223,276,RNKILDKESKRKEILSKKEKETEEKEVEWDDEEEEEDDDKVEAVADNKSKGETK,54,0.0329218106995884,0.6666666666666666,P54858,verified,0.2685335732520562,unclassified,,,
166,166,YDR083W,RRP8,393,340,384,KPPAEIIEERRQKLERRQKFIEVETEKEELEKKRRKIAEGKWLLK,45,0.0136752136752136,0.5777777777777777,P38961,verified,0.1712791634662938,unclassified,,,
167,167,YDR085C,AFR1,621,387,437,DSIFDDLLSKENDKYDLRRRQLEIRQKLHETSHNDDGKVSFRDTEKHNVNE,51,0.0,0.4509803921568627,P33304,verified,0.107680185291454,unclassified,,,
168,168,YDR087C,RRP1,279,174,210,DILLDEWERLLKDGDEDDEDEENKEEEMRKIAESAKK,37,0.1126126126126126,0.6486486486486487,P35178,verified,0.3172542999280618,unclassified,,,
169,169,YDR088C,SLU7,383,183,236,ELISKWERDKRNKIKGKDKSQTDETLWDTDEEIELMKLELYKDSVGSLKKDDAD,54,0.0105820105820105,0.5185185185185185,Q02775,verified,0.1933166308515255,unclassified,,,
170,170,YDR088C,SLU7,383,334,378,KYEYLKKKREQEETKQPKIVSIGDLEARKVDGTKQSEEQRNHLKD,45,0.008695652173913,0.4888888888888889,Q02775,verified,0.1147894460927303,unclassified,,,
174,174,YDR128W,MTC5,1149,346,387,KVNFDRGKRLEEKLPDYDYCSYNKEPENRENVQKNEFRRLRE,42,0.0011337868480725,0.5,Q03897,verified,0.0616504993268339,unclassified,,,
175,175,YDR138W,HPR1,753,626,669,KINQEHRKKLQDAREYKIGKERKKRALEEEASFPEREQKIKSQR,44,0.0445454545454545,0.5454545454545454,P17629,verified,0.1524860777196419,unclassified,,,
178,178,YDR153C,ENT5,412,253,297,RRRSHMEEQRRQRREILREQIKNKEQQRKRKQQQDSIPDLIDLDD,45,0.0222222222222222,0.5333333333333333,Q03769,verified,0.2164657028337538,unclassified,,,
185,185,YDR186C,YDR186C,878,464,499,EYGFNYDDEEGGNEDNYDDDEDDDDDDDDDDESDDE,36,0.6944444444444444,0.6944444444444444,Q04007,verified,0.4261852459472235,unclassified,,,
186,186,YDR204W,COQ4,336,284,328,EEMLEKDVTALRKELKITLPPDLRTMRKERAALRKEIDAKYNSQK,45,0.0095238095238095,0.4666666666666667,O13525,verified,0.0825270848708164,unclassified,,,
199,199,YDR325W,YCG1,1036,474,526,EKDFVTMAIEIINDIRDDDIEKQEQEEKIKSKKINRRNETSVDEEDENGTHND,53,0.0431266846361185,0.5094339622641509,Q06680,verified,0.2599815147780616,unclassified,,,
200,200,YDR330W,UBX5,501,159,206,DSLDSEEENDDDEYEYVEEPVIELDEDGNIKEYTKLVRKPKTISKEQK,48,0.1008333333333333,0.5208333333333334,Q06682,verified,0.4437291272243922,unclassified,,,
203,203,YDR335W,MSN5,1225,1161,1213,KSTSGKEDGNVDHAGDERKRQEKREAILKKANERLIKKNKENGDMLDDPNIED,53,0.0,0.5094339622641509,P52918,verified,0.1564488685749202,unclassified,,,
205,205,YDR356W,SPC110,945,92,144,RSGNVDKSRKRNLIDDLKKDVPMSQPLKEQEVREHQMKKERFDRALESKLLGK,53,0.0261248185776487,0.4716981132075472,P32380,verified,0.0881514285276025,unclassified,,,
213,213,YDR361C,BCP1,284,197,254,KYEVNFDTDDDTDSGKRNKNKDERSKKRVKADEVDYFHEEDRFFEKYAKIHFESEAKK,58,0.0,0.5517241379310345,Q06338,verified,0.2678180310099466,unclassified,,,
215,215,YDR365C,ESF1,629,3,90,ENPKKEGVDARFAGIYSDPKFKNTKTKDHKIKLDSRFSKKDLEVQHKSKVDKYGRKIKNAQNNRELEDFDKYFEKEAENDEDSEVNAK,88,0.0041322314049586,0.4772727272727273,Q06344,verified,0.1789375422464693,unclassified,,,
216,216,YDR365C,ESF1,629,198,249,EGPPKELFQKKNKNKTSKKKKTDDSDSDMDIGIKDLYEEGDADKDVDSRALR,52,0.0007122507122507,0.5192307692307693,Q06344,verified,0.3013516947629023,unclassified,,,
217,217,YDR365C,ESF1,629,417,500,EGGNEKSSEDKEETTIEKIRRKEKERRKARKQKVKELKQQSEKDKKSKLKSVNKKHTNDEEEIEKNAKSKAELELLMDDDDDTE,84,0.0002334267040149,0.5952380952380952,Q06344,verified,0.2608863054537628,unclassified,,,
218,218,YDR365C,ESF1,629,515,561,EILRSEKEKHKKGRYQKKERIVEDTFTPDLEDPRFKEVFEDHDFAID,47,0.0007880220646178,0.5319148936170213,Q06344,verified,0.2087717812316948,unclassified,,,
219,219,YDR376W,ARH1,494,210,258,RRAPVKDVKLIARRDFVHSKFTNKELRELWELEKYGIRGRIDPKFFQKE,49,0.0434782608695652,0.4489795918367347,P48360,verified,0.0878450789986813,unclassified,,,
220,220,YDR388W,RVS167,483,17,54,RQKFKMGEQTEDPVYEDAERRFQELEQETKKLSEESKR,38,0.0052631578947368,0.5263157894736842,P39743,verified,0.1953952424564332,unclassified,,,
221,221,YDR389W,SAC7,655,273,316,DDGANDGDIEKEDAKDDEEKRRRKIRHKRRLTRDIRAAIKEYEE,44,0.0,0.6590909090909091,P17121,verified,0.2552007690341574,unclassified,,,
222,222,YDR392W,SPT3,338,150,191,EHPLENNDDNDDMDEDEREANIVTLKRLKMADDRTRNMTKEE,42,0.0507246376811594,0.5238095238095238,P06844,verified,0.302608595826977,unclassified,,,
226,226,YDR421W,ARO80,951,474,514,EILPDEESKLRWKRVFENSENDHDNEKNFLTDWEREFLNDE,41,0.056910569105691,0.4878048780487805,Q04052,verified,0.2178697948169536,unclassified,,,
228,228,YDR452W,PPN1,675,435,480,RDTYYRKVWNKLERVDEKNVENEKKKKEKKDKKKKKPITRKELIER,46,0.072463768115942,0.6521739130434783,Q04119,verified,0.1350434522598616,unclassified,,,
233,233,YDR464W,SPP41,1436,661,705,RLTKSGKPKKPYRRWTPEELLKRSQEAEKPRKVKKERKKKEKKMK,45,0.1851851851851852,0.6,P38904,verified,0.1479823985429957,unclassified,,,
235,235,YDR468C,TLG1,225,27,77,RHNTAGDDDQEEEIQDILKDVEETIVDLDRSIIVMKRDENEDVSGREAQVK,51,0.0635294117647058,0.4705882352941176,Q03322,verified,0.2783426750624053,unclassified,,,
240,240,YDR485C,VPS72,796,118,168,ESEDSSNENDEDAEEKEIRRQELLSRKKRNKRLQKGPVVIKKQKPKPKSGE,51,0.0065359477124183,0.5294117647058824,Q03388,verified,0.4170590924345971,unclassified,,,
245,245,YDR501W,PLM2,522,468,517,DASGKPLEDEYYYDVENDDSDERKILYNSLKGRSRLRSCRKKHKQYFWKR,50,0.0133333333333333,0.46,Q04383,verified,0.405286078028816,unclassified,,,
250,250,YEL012W,UBC8,219,165,213,DSGGDLQEEDSDSDEDMDGTGVSSGDDSVDELSEDLSDIDVSDDDDYDE,49,0.4897959183673469,0.4897959183673469,P28263,verified,0.19208719735804,unclassified,,,
251,251,YEL022W,GEA2,1460,529,575,DDMFDHMKDIDREEFGRQKNEMEILKKRDRKTEFIECTNAFNEKPKK,47,0.0,0.5319148936170213,P39993,verified,0.096061465074152,unclassified,,,
255,255,YEL055C,POL5,1023,770,821,DNIVNDKGEVDLDQLEGLSDDGGDDEDEESMDDEKMMELDDQLSEIFKRRKE,52,0.1758241758241758,0.5384615384615384,P39985,verified,0.3166927257338542,unclassified,,,
258,258,YER002W,NOP16,232,128,203,RVVYGKKKNFDADEDVNEIKARDTTEETEVVKKLEELASRPVIRKERSQSEREEEWLEKLYKKHGDDYKKMFFDKK,76,0.0003209242618741,0.5263157894736842,P40007,verified,0.1959640883977901,unclassified,,,
259,259,YER006W,NUG1,521,1,105,RVRKRQSRRTSTKLKEGIKKKASAHRKKEKKMAKKDVTWRSRSKKDPGIPSNFPYKAKILEEIEAKKMKDLEERELAKQQRLEARKAAKEQGVDAMDEDMIEDDE,105,0.0292640692640692,0.5142857142857142,P40010,verified,0.2277218730897305,unclassified,,,
261,261,YER013W,PRP22,1146,341,389,EKVDSKLEEQQRDETDEIDVELNTDDGPKFLKDQQVKGAKKYEMPKITK,49,0.0136054421768707,0.4897959183673469,P24384,verified,0.195025404662995,unclassified,,,
262,262,YER017C,AFG3,762,697,751,ELLTKNLDKVDLVAKELLRKEAITREDMIRLLGPRPFKERNEAFEKYLDPKSNTE,55,0.0,0.4363636363636363,P39925,verified,0.0315564879063346,unclassified,,,
266,266,YER029C,SMB1,197,97,137,EDKPLLSKKERLVRDKKEKKQAQKQTKLRKEKEKKPGKIAK,41,0.1180487804878049,0.6097560975609756,P40018,verified,0.073511786616685,unclassified,,,
267,267,YER030W,CHZ1,154,2,57,DEAKEKRELESQKESSHNKSEKSVEPKPKRRRRRNYDDYDAEVAKEETKAKNGLTK,56,0.0089285714285714,0.5535714285714286,P40019,verified,0.232593300228777,unclassified,,,
268,268,YER030W,CHZ1,154,104,152,RRTRGKVIDYKKTAEELDKKEPSTGSKDDVGYGEKEEDDEDEEDDDFKE,49,0.053324555628703,0.6326530612244898,P40019,verified,0.3349986201487949,unclassified,,,
271,271,YER036C,ARB1,611,7,55,KAKRDAKKAEREAKKAAAGKTIRKLGRKKEAAAEESEVDAAAREIKMMK,49,0.0502354788069073,0.5306122448979592,P40024,verified,0.1793079435969795,unclassified,,,
272,272,YER048C,CAJ1,392,128,181,ETEKADESTDGGMVKHDTNKAESLKKDKLSKEQREKLMEMEKKRREDMMKQVDE,54,0.0005973715651134,0.5555555555555556,P39101,verified,0.0487578196855002,unclassified,,,
273,273,YER068W,MOT2,588,72,125,RCPACRRKYDDENVRYVTLSPEELKMERAKLARKEKERKHREKERKENEYTNRK,54,0.037037037037037,0.5740740740740741,P34909,verified,0.0966704661029411,unclassified,,,
274,274,YER082C,UTP7,555,503,551,KTQNVIDERKLRVQKQLDKEKNIRKRNHQIKQGLISEDHKDVIEEALSR,49,0.0306122448979591,0.4489795918367347,P40055,verified,0.1978676147031975,unclassified,,,
276,276,YER142C,MAG1,297,217,261,KYLSDKPELEKELMRERKVVKKSKIKHKKYNWKIYDDDIMEKCSE,45,0.0222222222222222,0.5333333333333333,P22134,verified,0.2418422238255805,unclassified,,,
278,278,YER151C,UBP3,913,515,548,KQFDKETYEKKFLENADDAEKTTESDAKKSSKSK,34,0.0,0.5294117647058824,Q01477,verified,0.1446642685851319,unclassified,,,
279,279,YER161C,SPT2,334,210,251,RRLKEKLESRKQKSRYQDDYDEEDNDMDDFIEDDEDEGYHSK,42,0.0432098765432098,0.6190476190476191,P06843,verified,0.4865232636423474,unclassified,,,
280,280,YER161C,SPT2,334,261,332,DRDEIWAMFNRGKKRSEYDYDELEDDDMEANEMEILEEEEMARKMARLEDKREEAWLKKHEEEKRRRKKGIR,72,0.007716049382716,0.6111111111111112,P06843,verified,0.3500938283297604,unclassified,,,
284,284,YER164W,CHD1,1469,914,961,EEFLKQFEVTDYKADIDWDDIIPEEELKKLQDEEQKRKDEEYVKEQLE,48,0.0933641975308641,0.5625,P32657,verified,0.1315350394447838,unclassified,,,
286,286,YER164W,CHD1,1469,1366,1410,EKEYDSMDEEDCRHTMSAIRTSLKRLRRGGKSLDRKEWAKILKTE,45,0.008695652173913,0.4888888888888889,P32657,verified,0.2821399231491477,unclassified,,,
289,289,YFL002C,SPB4,607,537,596,DKTLTKERKLERKEKMSLKRKAIEEELKAEELDENAEEERIKEDWKEIVLQNKRKKVSSK,60,0.0018518518518518,0.6,P25808,verified,0.2163728952172839,unclassified,,,
295,295,YFL013C,IES1,693,437,481,RCTERSYDTDPEDELEFGANQRIKRREFMSKMEEGRKRERTNVTE,45,0.0009661835748792,0.5111111111111111,P43579,verified,0.2369907517712658,unclassified,,,
297,297,YFL023W,BUD27,797,401,444,EADEVHEKYKEELINQERLEGEASRSNRRTRVSRFRKDRASKKE,44,0.0081818181818181,0.5454545454545454,P43573,verified,0.1885482495771417,unclassified,,,
304,304,YFR013W,IOC3,788,453,499,RYEIRSKKKHFVKQLKEGKKPDLSRKLEILKEIKAELKNAVKSEKDE,47,0.0523731587561374,0.5319148936170213,P43596,verified,0.1068889173095518,unclassified,,,
320,320,YGL029W,CGR1,121,19,119,KVWKAEKTPLRAKSRVVKNKKLTSWELKKQKRLEDKQFKERLKALKDEKEEARQAKITMLKERREKKEENERYERLAAKMHAKKVERMRRREKRNKALKER,101,0.0887732841080718,0.5742574257425742,P53188,verified,0.1048964502611575,unclassified,,,
323,323,YGL049C,TIF4632,915,486,527,RVSSKRRSKRMGDDRRSNRGYTSRKDREKAAEKAEEQAPKEE,42,0.0357142857142857,0.5714285714285714,P39936,verified,0.173812444341935,unclassified,,,
324,324,YGL058W,RAD6,173,130,171,KDHKSQYVKRVKETVEKSWEDDMDDMDDDDDDDDDDDDDEAD,42,0.2031746031746032,0.6904761904761905,P06104,verified,0.6340546767435137,unclassified,,,
325,325,YGL071W,AFT1,691,127,177,ELVIERSDAFKVVFKCKAAKRGRNARRKRKDKPKGQDHEDEKSKINDDELE,51,0.0169033130493576,0.5490196078431373,P22149,verified,0.2930764667227131,unclassified,,,
326,326,YGL078C,DBP3,524,2,66,KEEIADKKRKVVDEEVIEKKKSKKHKKDKKDKKEKKDKKHKKHKKEKKGEKEVEVPEKESEKKPE,65,0.0579881656804733,0.7538461538461538,P20447,verified,0.1608270475966324,unclassified,,,
329,329,YGL099W,LSG1,641,266,314,RANQLLEKQKEMGEDYREQDFEEADKEGFDADEKVMEKVKILSIDQLEE,49,0.0661224489795918,0.5102040816326531,P53145,verified,0.1313284453161524,unclassified,,,
332,332,YGL110C,CUE3,625,424,473,KLLYEADEDERDDTYDEADVNRSDPSKRIGLQEDEESYDTKDDSNEVRQD,50,0.1251851851851851,0.54,P53137,verified,0.2557143899765045,unclassified,,,
333,333,YGL110C,CUE3,625,488,531,KEDPKLFERSKRGTKVRKTMKEMTSWSDEKIEGWCRMLERSPTR,44,0.027056277056277,0.4772727272727273,P53137,verified,0.1454981381359302,unclassified,,,
334,334,YGL113W,SLD3,669,285,331,DLDWNFRDFEKKYKLKLKKRSLNLTKKGLVRRRSKKKTSEKDKGIER,47,0.1178396072013093,0.5531914893617021,P53135,verified,0.2850258305814535,unclassified,,,
335,335,YGL131C,SNT2,1404,812,860,KMAVRSYRKNEFHPETMQRDLELFIEDNKEVRKAIPEQKPERAKNTKDE,49,0.0034013605442176,0.4693877551020408,P53127,verified,0.1254583773711324,unclassified,,,
337,337,YGL141W,HUL5,911,8,51,RRRNVNLGNRTRNSKKDLLEKAKRERERRAQDKLKEDASKTIQK,44,0.0946969696969697,0.5454545454545454,P53119,verified,0.0679035685517986,unclassified,,,
338,338,YGL141W,HUL5,911,432,480,ENSEKQFLNLRFYEELQEYEDLYREHLEEESDEDMEKEIDLDKERPPLK,49,0.09145880574452,0.5306122448979592,P53119,verified,0.2350543076722399,unclassified,,,
341,341,YGL150C,INO80,1490,537,579,EMSNFWKKNEREERDLKKKIEKEAMEQAKKEEEEKESKRQAKK,43,0.0033222591362126,0.6511627906976745,P53115,verified,0.0882070086414825,unclassified,,,
345,345,YGL171W,ROK1,565,496,543,EVSEWMDKMAKMTRKEKESIKNGKAHKERKQITTVPKMDKAKRRRQQE,48,0.0675,0.5,P45818,verified,0.1651109217557675,unclassified,,,
346,346,YGL181W,GTS1,397,110,166,DGDDDKAIVEHYIRDKYILGKFRYDEIKPEDFGSRMDDFDGESDRFDERNRSRSRSR,57,0.0050933786078098,0.5263157894736842,P40956,verified,0.1448269071366397,unclassified,,,
349,349,YGL206C,CHC1,1654,426,471,DKGKLNKEETIELARPVLQQDRKQLFEKWLKEDKLECSEELGDIVK,46,0.0039525691699604,0.4782608695652174,P22137,verified,0.1265372104989523,unclassified,,,
350,350,YGL207W,SPT16,1036,469,514,DRNSKILRTKLRGEARGGAEDAQKEQIRKENQKKLHEKLEKNGLLR,46,0.0463137996219281,0.4782608695652174,P32558,verified,0.0994853419568725,unclassified,,,
351,351,YGL207W,SPT16,1036,775,812,RRGQSRFRRYGDEDELEQEQEERRKRAALDKEFKYFAD,38,0.0,0.5789473684210527,P32558,verified,0.3297503815025207,unclassified,,,
356,356,YGL232W,TAN1,290,59,116,ELYGDIKEGEDESENDEKKDLSIEDQIKKELQELKGEETGKDLSSGETKKKDPLAFID,58,0.0574712643678161,0.5172413793103449,P53072,verified,0.1281966399203105,unclassified,,,
357,357,YGL237C,HAP2,266,165,212,KQYYRILKRRYARAKLEEKLRISRERKPYLHESRHKHAMRRPRGEGGR,48,0.2051282051282051,0.4791666666666667,P06774,verified,0.1706463396568972,unclassified,,,
358,358,YGL238W,CSE1,961,349,392,REEDVELFEDDPIEYIRRDLEGSDTDTRRRACTDFLKELKEKNE,44,0.0445454545454545,0.5681818181818182,P33307,verified,0.2052851395600568,unclassified,,,
360,360,YGL244W,RTF1,559,164,250,KLSQLKKQRARKNRHYSDNEDEDDEEDYREEDYKDDEGSEYGDDEEYNPFDRRDTYDKREEVEWAEEEDEQDREPEISDFNKLRIGR,87,0.0626762090652787,0.5977011494252874,P53064,verified,0.3520103412773912,unclassified,,,
362,362,YGR005C,TFG2,401,136,189,EQNLKKYQQRKKELEADPEKQRQAYLKKQEREEELKKKQQQQKRRNNRKKFNHR,54,0.0888888888888888,0.5370370370370371,P41896,verified,0.2272919085061309,unclassified,,,
363,363,YGR009C,SEC9,652,561,598,EVRERYQRKNVLEKAKRYQFENDEEDDEMELEIDRNLD,38,0.0430622009569377,0.5789473684210527,P40357,verified,0.3902983643902271,unclassified,,,
364,364,YGR013W,SNU71,621,329,374,KGSANTEEEDTNMEDEDEEDDTEDDLALEKRKEERDLEESNRRYED,46,0.1855072463768115,0.6521739130434783,P53207,verified,0.3974249296862744,unclassified,,,
366,366,YGR047C,TFC4,1026,305,350,ENALDSSDEESAAEGEDADEKEPLEQDEDRQMFPDINWKKIDAKYK,46,0.1143667296786389,0.5,P33339,verified,0.2270619883998886,unclassified,,,
367,367,YGR047C,TFC4,1026,591,638,KPLLEDSKFRTFRKKKRTPYDAERERIERERRITAKVVDKYEKMKKFE,48,0.0476190476190476,0.5833333333333334,P33339,verified,0.18687952238361,unclassified,,,
368,368,YGR054W,YGR054W,643,583,641,KETSPEEKKIRSLLKKLRAIETLKERQAVGDKLEDTQVLKIQTEEKVLKDLEKLGWKDE,59,0.0005844535359438,0.4915254237288136,P53235,verified,0.1101570101247353,unclassified,,,
369,369,YGR065C,VHT1,594,66,104,RHDLPYEVRDEAGRKWWKYFDEFEYRVNKEYKKSRKWYE,39,0.0109890109890109,0.5128205128205128,P53241,verified,0.197738198847981,unclassified,,,
370,370,YGR072W,UPF3,388,240,296,EFSKSIELENKIAERTERVLTELVGTGDKVKNKNKKKKNKNAKKKFKEEEASAKIPK,57,0.0401002506265664,0.4912280701754385,P48412,verified,0.2714376809771028,unclassified,,,
372,372,YGR083C,GCD2,652,71,118,KKEKKQLQREQQQKREQKQKNANKKKQNERNVKKSTLFGHLETTEERR,48,0.1008333333333333,0.5,P12754,verified,0.1336560198706679,unclassified,,,
377,377,YGR099W,TEL2,689,414,451,DCSDSDDEDENDEREIVKRIVFLKDLMKEYEKTGESRK,38,0.0430622009569377,0.5789473684210527,P53038,verified,0.2805109616672521,unclassified,,,
379,379,YGR103W,NOP7,606,466,570,DPTAPVEEGEEEESESESESEDQVEEEDQEVVAGEEDDDDDEELQAQKELELEAQGIKYSETSEADKDVNKSKNKKRKVDEEEEEKKLKMIMMSNKQKKLYKKMK,105,0.0736842105263158,0.5428571428571428,P53261,verified,0.4563216237281084,unclassified,,,
383,383,YGR124W,ASN2,573,434,482,DPNEKMIKPKEGRIEKYILRKAFDTTDEPDVKPYLPEEILWRQKEQFSD,49,0.0037105751391465,0.4489795918367347,P49090,verified,0.1632262301538599,unclassified,,,
384,384,YGR129W,SYF2,216,120,162,KQDSSADEEDNKNVPKKGRIGKVQKDTKTGKITIADDDKLVNK,43,0.0046511627906976,0.4651162790697674,P53277,verified,0.282254152682734,unclassified,,,
388,388,YGR142W,BTN2,411,226,323,KMPIIESKIDESHDDVNMSESLKEEEAEKAKEPLTKEDQIKKWIEEERLMQEESRKSEQEKAAKEDEERQKKEKEARLKARKESLINKQKTKRSQQKK,98,0.0001855287569573,0.5510204081632653,P53286,verified,0.1237769874319307,unclassified,,,
389,389,YGR145W,ENP2,708,474,598,KVLTDDRFKEMFEDEEFQVDEDDYDFKQLNPVKSIKETEEGAAKRIRALTAAEESDEERIAMKDGRGHYDYEDEESDEEESDDETNQKSNKEELSEKDLRKMEKQKALIERRKKEKEQSERFMNE,125,0.0335072463768115,0.544,P48234,verified,0.2757593620111227,unclassified,,,
398,398,YGR167W,CLC1,234,13,68,DFTPNDKKDDDTDFLKREAEILGDEFKTEQDDILETEASPAKDDDEIRDFEEQFPD,56,0.1523809523809523,0.5357142857142857,P17891,verified,0.1337754164063571,unclassified,,,
401,401,YGR174C,CBP4,171,119,163,RDHFAKVRAEEVQKEELARIRNELSQLRSETEEKTKEIVQDKQVK,45,0.0009661835748792,0.4888888888888889,P37267,verified,0.0592805161119784,unclassified,,,
402,402,YGR175C,ERG1,497,105,143,KADIPKVEKLKDLVKDGNDKVLEDSTIHIKDYEDDERER,39,0.0100334448160535,0.5641025641025641,P32476,verified,0.0977471228242374,unclassified,,,
404,404,YGR186W,TFG1,736,436,542,RYDRTRRKLKAVADQQAMDEDDRDDNSEVELDYDEEFADDEEAPIIDGNEQENKESEQRIKKEMLQANAMGLRDEEAPSENEEDELFGEKKIDEDGERIKKALQKTE,107,0.0667556742323097,0.5233644859813084,P41895,verified,0.2772820238097805,unclassified,,,
408,408,YGR202C,PCT1,425,24,93,KKNKNKRQREETEEQDNEDKDESKNQDENKDTQLTPRKRRRLTKEFEEKEARYTNELPKELRKYRPKGFR,70,0.0087108013937282,0.5857142857142857,P13259,verified,0.2522986151607406,unclassified,,,
411,411,YGR245C,SDA1,768,264,310,DADREREENFEENSEDEDGFDLDALRHKMQVNKKTGRRGKKLENAIK,47,0.0032733224222585,0.5319148936170213,P53313,verified,0.3605298390331325,unclassified,,,
413,413,YGR245C,SDA1,768,684,728,KYKQSREERLQKVLEGREGRDKFGSRRGKRDNMRSTTNREKERRK,45,0.0854700854700854,0.5777777777777777,P53313,verified,0.0772743279965502,unclassified,,,
419,419,YGR270W,YTA7,1380,1108,1158,ECKATRQRDLERQELFLEDEEKRAAMELEAKEQSQENILQEPDLKDNKANE,51,0.0384313725490195,0.4901960784313725,P40340,verified,0.117299012408043,unclassified,,,
422,422,YGR280C,PXR1,272,136,228,DPKTHKLRNYSNAKKRKREGDDSEDEDDDDKEDKDSDKKKHKKHKKHKKDKKKDKKDKKEHKKHKKEEKRLKKEKRAEKTKETKKTSKLKSSE,93,0.07792016497275,0.7204301075268817,P53335,verified,0.2376127897701024,unclassified,,,
424,424,YGR285C,ZUO1,434,50,96,EFERIEAEKNVKTVDESNVDPDELLFDTELADEDLLTHDARDWKTAD,47,0.1119333950046253,0.4680851063829787,P32527,verified,0.174703293703036,unclassified,,,
429,429,YHL020C,OPI1,405,81,127,KSIGRLLDDDDDEHDDYDYNDDEFFTNKRQKLSRAIAKGKDNLKEYK,47,0.0076595744680851,0.5106382978723404,P21957,verified,0.4723761192269258,unclassified,,,
431,431,YHL034C,SBP1,295,245,293,ENVDIEAKAEEFKGKVFGDRELTVDVAVIRPENDEEEIEQETGSEEKQE,49,0.1224489795918367,0.4897959183673469,P10080,verified,0.2155536607719665,unclassified,,,
435,435,YHR023W,MYO1,1929,1068,1110,ENSDLRSKNENFKKEKAALNNQLKNKESELLKMKEKIDNHKKE,43,0.0169133192389006,0.4883720930232558,P08964,verified,0.0397482456693616,unclassified,,,
436,436,YHR027C,RPN1,994,20,64,EKQTPNKKDKKKEEEEQLSEEDAKLKTDLELLVERLKEDDSSLYE,45,0.0307692307692307,0.5777777777777777,P38764,verified,0.1555392778642921,unclassified,,,
440,440,YHR064C,SSZ1,539,451,489,EGDHHIEEKTLEPIPKEENAEEDDESEWSDDEPEVVREK,39,0.1538461538461538,0.5641025641025641,P38788,verified,0.3359529832331613,unclassified,,,
442,442,YHR066W,SSF1,454,354,432,EFVQKSSEEIKALEKRHAAKMRLKEQRKKEQEENIAKKKAVKDAKKQRKLERRKARAAEGGEGQGKDDAMSDDESSSSD,79,0.0108499095840868,0.5189873417721519,P38789,verified,0.2050026194483463,unclassified,,,
452,452,YHR146W,CRP1,466,127,163,RKKNKRNNKKRRSKLKKKSTKNNKKSNESLDDNEEED,37,0.0951821386603995,0.6216216216216216,P38845,verified,0.5291544760858939,unclassified,,,
459,459,YIL019W,FAF1,347,265,306,KVKKGQFRKIESTYKKDIERRIGGSIKARDKEKATKRERGLK,42,0.1252587991718426,0.5476190476190477,P40546,verified,0.0713339572864459,unclassified,,,
461,461,YIL030C,SSM4,1320,239,282,RLSPKDLKSRLKERFPMMDDRMVEYLAREMRAHDENRQEQGHDR,44,0.008893280632411,0.4772727272727273,P40318,verified,0.0624864149478027,unclassified,,,
472,472,YIL112W,HOS4,1084,774,872,EPHSPKKAKSVEISKIHEETAAEREARLKEEEEYRKKRLEKKRKKEQELLQKLAEDEKKRIEEQEKQKVLEMERLEKATLEKARKMEREKEMEEISYRR,99,0.0041397582381188,0.5959595959595959,P40480,verified,0.1141176023483066,unclassified,,,
473,473,YIL126W,STH1,1360,69,116,KENKLEIKAIEDTFRNISRDQDIYETKLDTLRKSIDKGFQYDEDLLNK,48,0.0037878787878787,0.4583333333333333,P32597,verified,0.1286987180474195,unclassified,,,
474,474,YIL126W,STH1,1360,943,1015,KFDNKSTAEEQEAFLRRLIESETNRDDDDKAELDDDELNDTLARSADEKILFDKIDKERMNQERADAKAQGLR,73,0.0299888930025916,0.5068493150684932,P32597,verified,0.1543122593659037,unclassified,,,
475,475,YIL126W,STH1,1360,1025,1080,DELPKVFREDIEEHFKKEDSEPLGRIRQKKRVYYDDGLTEEQFLEAVEDDNMSLED,56,0.0498768472906403,0.5,P32597,verified,0.2749478305947787,unclassified,,,
477,477,YIL136W,OM45,394,159,193,REKKAALDRASIEYERYGRARDFNELSDKLDQQER,35,0.0,0.5142857142857142,P16547,verified,0.0676393966133031,unclassified,,,
478,478,YIL136W,OM45,394,345,390,KVDNDKQALKDEAQKKYDEALKKYDEAKNKFKEWNDKGDGKFWSSK,46,0.003623188405797,0.5217391304347826,P16547,verified,0.0446190233324201,unclassified,,,
485,485,YIL149C,MLP2,1680,1382,1473,DAFEKLKVNMEKEKDRIIDERTKEFEKKLQETLNKSTSSEAEYSKDIETLKKEWLKEYEDETLRRIKEAEENLKKRIRLPSEERIQKIISKR,92,0.0002218278615794,0.532608695652174,P40457,verified,0.1172933202742866,unclassified,,,
486,486,YIL150C,MCM10,572,18,58,DEEDEQAIARELEFMERKRQALVERLKRKQEFKKPQDPNFE,41,0.0044345898004434,0.5365853658536586,P32354,verified,0.2089997316453297,unclassified,,,
487,487,YIL154C,IMP2',347,89,142,RLRVVDVDSEEEGEGNDEDDDDGDGDDMDEEESDEEQVSDIENDLEIDEEFHYD,54,0.409090909090909,0.5925925925925926,P32351,verified,0.2560917588401648,unclassified,,,
488,488,YIL157C,COA1,198,42,72,EDEAKIVLKDKNRPLRIDRELPDPTTERRKR,31,0.007168458781362,0.5806451612903226,P40452,verified,0.0787523911417631,unclassified,,,
490,490,YIR002C,MPH1,994,485,543,RAKEGFDEVKYTRKHAPKGRKKVERLHRQEQEKFLEAERTKRAANDKLERSARRTGSSE,59,0.0529661016949152,0.5084745762711864,P40562,verified,0.1585130201357935,unclassified,,,
491,491,YIR004W,DJP1,433,370,419,RGVCKKVLEDDSVSKKTLIRRAEAMKLLGEVFKKTFRTKVEQEEAQIFEE,50,0.0036363636363636,0.44,P40564,verified,0.2644090371572115,unclassified,,,
492,492,YIR006C,PAN1,1481,1131,1188,KQESDDEDEDDEEKRLQEELKRLKLKKKADKEKRLAALRKQIEDAQNESDEEETNGKD,58,0.0228331780055917,0.6379310344827587,P32521,verified,0.3802398845361409,unclassified,,,
494,494,YIR010W,DSN1,577,298,411,RSLHKLELKAKNQEEEGELEHLTKKSKLESTKAETDYVDPKRLAMVIIKEFVDDLKKDHIAIDWEDEEKYEDEDEEKILDNTENYDDTELRQLFQENDDDDDDDDEVDYSEIQR,114,0.0684776457272212,0.5175438596491229,P40568,verified,0.3218551549516228,unclassified,,,
495,495,YIR018W,YAP5,246,36,81,RAAQRRKRVHRLHEDYETEENDEELQKKKRQNRDAQRAYRERKNNK,46,0.0496894409937888,0.5652173913043478,P40574,verified,0.4068107964018794,unclassified,,,
497,497,YJL003W,COX16,119,58,114,KYEQGDRKVQEINEEDILKIRKNQREFDIKEEYYRLQGLSEEDWEPVRVARLKDESE,57,0.0151240169388989,0.5087719298245614,P47081,verified,0.2073526010765623,unclassified,,,
502,502,YJL026W,RNR2,400,11,55,DALSDLEIKDSKSNLNKELETLREENRVKSDMLKEKLSKDAENHK,45,0.0009661835748792,0.4888888888888889,P09938,verified,0.0483676083399837,unclassified,,,
519,519,YJL109C,UTP10,1770,1137,1181,EFINKITEETDQDYYDVRRNLRLKVYSVLLDETSDKKLIRNIREE,45,0.0044444444444444,0.4444444444444444,P42945,verified,0.2654844567471849,unclassified,,,
525,525,YJL140W,RPB4,222,55,116,RLVIKEALVERRRAFKRSQKKHKKKHLKHENANDETTAVEDEDDDLDEDDVNADDDDFMHSE,62,0.0039232781168265,0.532258064516129,P20433,verified,0.5337912652984004,unclassified,,,
526,526,YJL148W,RPA34,234,175,232,DAEDFHVAEEVKENKKEPKKRSHHDDEEESSEKKKKKKEKREKREKKDKKDKKKKHRD,58,0.035919540229885,0.7586206896551724,P47006,verified,0.2214481314100896,unclassified,,,
527,527,YJL165C,HAL5,856,111,147,ESFISEKDEDEANLLEREDLQNKKEEKARAKHVRSKE,37,0.0049140049140049,0.5675675675675675,P38970,verified,0.1594958583392606,unclassified,,,
531,531,YJL197W,UBP12,1255,1127,1168,KSRHGYDERIKKIYDEQMKLYEFNKTDEEEDVSDDMIECNED,42,0.0507246376811594,0.5238095238095238,P39538,verified,0.2684887537041165,unclassified,,,
534,534,YJR002W,MPP10,594,499,537,KAEKDGEIRLKNGVAMSKEELTREDKNRLRRALKRKRSK,39,0.0745920745920746,0.5641025641025641,P47083,verified,0.2205149146684333,unclassified,,,
535,535,YJR014W,TMA22,199,60,109,ESSIGEAREEKLEKDLLKIQKKQENREQRELAKKLSSKVIIKREARTKRK,50,0.0362962962962963,0.54,P47089,verified,0.1052681403988936,unclassified,,,
536,536,YJR033C,RAV1,1358,930,967,RAREYRIAYWIKEQDLVKKFEDIAKYEFSKDDKRDPSR,38,0.0052631578947368,0.5263157894736842,P47104,verified,0.0253246394867574,unclassified,,,
539,539,YJR060W,CBF1,352,299,349,EKLQEELGNAYKEIEYMKRVLRKEGIEYEDMHTHKKQENERKSTRSDNPHE,51,0.0007262164124909,0.4705882352941176,P17106,verified,0.1798008835465215,unclassified,,,
542,542,YJR083C,ACF4,310,254,300,EEDEFDDLLEKRKSKKDHYYIKENLGYEYDEVRSEDEDDEEFEPMGD,47,0.1239911958914159,0.5957446808510638,P47129,verified,0.375593272756605,unclassified,,,
548,548,YJR152W,DAL5,544,45,81,KIVYISDKVDEAMKLAEEAKEIEVTPEEDRKLRWKID,37,0.0128022759601706,0.5135135135135135,P15365,verified,0.1272713700839414,unclassified,,,
552,552,YKL016C,ATP7,175,128,166,RPFDELTVDDLTKIKPEIDAKVEEMVKKGKWDVPGYKDR,39,0.0013495276653171,0.4871794871794871,P30902,verified,0.144645048799777,unclassified,,,
557,557,YKL028W,TFA1,483,365,417,KKQAKLNKEEEEEEEEEEDEEEEEEEEMEDVMDDNDETARENALEDEFEDVTD,53,0.3717491075981642,0.6981132075471698,P36100,verified,0.6073749638492509,unclassified,,,
559,559,YKL032C,IXR1,598,448,499,RPTVVKENPDKGLIEITKIIGERWRELDPAKKAEYTETYKKRLKEWESCYPD,52,0.0008361204013377,0.4423076923076923,P33417,verified,0.1070737645158741,unclassified,,,
562,562,YKL049C,CSE4,230,48,95,KNLFPRREERRRYESSKSDLDIETDYEDQAGNLEIETENEEEAEMETE,48,0.1008333333333333,0.5208333333333334,P36012,verified,0.2836472365583542,unclassified,,,
565,565,YKL059C,MPE1,442,251,288,EDKQSWEDYQRKRENRQIDGDETIWRKGHFKDLPDDLK,38,0.0012531328320802,0.5263157894736842,P35728,verified,0.1699120110016315,unclassified,,,
567,567,YKL064W,MNR2,970,633,665,KRRVKSEKKKMEENEKFKRKSGDRHKPREGELE,33,0.064558629776021,0.6666666666666666,P35724,verified,0.1331911682047263,unclassified,,,
570,570,YKL082C,RRP14,435,25,78,KYYYDEKSQEQWKAKKKTKEQSKNDKLKKLDPEQRDDETSSTLEVMKKKEKDAK,54,0.0098765432098765,0.5555555555555556,P36080,verified,0.1299718736549011,unclassified,,,
571,571,YKL082C,RRP14,435,121,260,DEDEEEEEDIKVIFDDEGNEIPLESKKDTTEPDRSVEKKSITEEEKLQRKKNLEALRSKLQAKISDMKSKRKAPGSREAILAQRKRKEELKKRKRLESEQEQDQDEIASDSDMEDIDSDLENNSKKRFKKGKKDSEINAD,140,0.0060150375939849,0.5428571428571428,P36080,verified,0.3369656140754334,unclassified,,,
572,572,YKL082C,RRP14,435,301,424,KLLEAKKNKMEAKDELEQIKQKEKEKWQKAMLQAEGIKIRDDEKLLRKAIKRKEAQKRKSAIEWSERKRVVEDTISERQKRREENLRIRKDNKGKKRNKQEKMKRKYVGSAVPKKRAGFEGRLK,124,0.0636735676456427,0.5403225806451613,P36080,verified,0.1521058444215338,unclassified,,,
573,573,YKL088W,CAB3,572,486,569,REWTDIVEIVRRRINEIRKARDEETGDKEQEQEEQEGADNEDDDDEDDEEDEEDEEEEEALNETASDESNDEEDEEDEEDVKTE,84,0.3069727891156463,0.6666666666666666,P36076,verified,0.5179523313189407,unclassified,,,
578,578,YKL108W,SLD2,454,268,364,ELAREHTEIVKEFGVLQEEDIEEEEEGEEGENGYDEKNHEDDFGLEDELIRPKVVKDIFQEDDDNDDSQAREDTFIRKRPKRRKVIRRLRDNDPETE,97,0.0541705716963449,0.5463917525773195,P34252,verified,0.3927865815099328,unclassified,,,
580,580,YKL117W,SBA1,217,92,138,KLYKKDLESEYWPRLTKEKVKYPYIKTDFDKWVDEDEQDEVEAEGND,47,0.0319148936170212,0.5106382978723404,P28707,verified,0.2825549281101378,unclassified,,,
583,583,YKL144C,RPC25,213,132,189,DEETKLYFDVNEKIRFRIEREVFVDVKPKSPKERELEERAQLENEIEGKNEETPQNEK,58,0.0206896551724138,0.5172413793103449,P35718,verified,0.0911472830699086,unclassified,,,
584,584,YKL154W,SRP102,245,161,203,RPPSKIKDALESEIQKVIERRKKSLNEVERKINEEDYAENTLD,43,0.0011074197120708,0.4883720930232558,P36057,verified,0.2194002049863061,unclassified,,,
588,588,YKL172W,EBP2,428,324,375,KRQLEKRETLEKIKSLKNKRKHNEIDHSEFNVGVEEEVEGKRFDRGRPNGKR,52,0.0324933687002652,0.5192307692307693,P36049,verified,0.2218636667876255,unclassified,,,
592,592,YKL195W,MIA40,404,74,119,RKVESDKTAEEELSSGGEQSPENEDDNNSKSDENGDDNDSKNDETE,46,0.1597353497164461,0.5,P36046,verified,0.2037249068626584,unclassified,,,
595,595,YKL201C,MNN4,1179,370,414,KLEIEETDKFTFDKDLVYLSPSDFKFDASKKIEELEEQKKLYPDK,45,0.0161616161616161,0.4888888888888889,P36044,verified,0.1331698757951871,unclassified,,,
596,596,YKL201C,MNN4,1179,1031,1173,KLLEERKRREKKKKEEEEKKKKEEEEKKKKEEEEKKKKEEEEKKKKEEEEKKKKEEEEKKKQEEEEKKKKEEEEKKKQEEGEKMKNEDEENKKNEDEEKKKNEEEEKKKQEEKNKKNEDEEKKKQEEEEKKKNEEEEKKKQEE,143,0.0013765761797257,0.8881118881118881,P36044,verified,0.0614429733006513,unclassified,,,
597,597,YKL204W,EAP1,633,175,215,KNGKNDERRMSRTKNMQGGKRRSQQDDEEKKIDQEMLEMDK,41,0.0044345898004434,0.5365853658536586,P36041,verified,0.2247555218623942,unclassified,,,
598,598,YKL222C,YKL222C,706,46,89,RNRKQCEYKENTSAMEDQLRKKYRRCSKLEMARRIEELESQLTK,44,0.027056277056277,0.4772727272727273,P35995,verified,0.2533475114675671,unclassified,,,
607,607,YKR043C,SHB17,272,78,131,KPLSDEQRAKIRVVVDDDLREWEYGDYEGMLTREIIELRKSRGLDKERPWNIWR,54,0.0007407407407407,0.4629629629629629,P36136,verified,0.1746358162596127,unclassified,,,
608,608,YKR048C,NAP1,418,365,408,EFEFEEDEEEADEDEDEEEDDDHGLEDDDGESAEEQDDFAGRPE,44,0.5344574780058652,0.6818181818181818,P25293,verified,0.359613196384756,unclassified,,,
611,611,YKR063C,LAS1,503,156,212,DHYWNDEELEDDRDDDDDDDDTGYGYRRNDKLEKYMESLTKTLDKWKRLRNEFLEYK,57,0.0430622009569377,0.5614035087719298,P36146,verified,0.3318663798901389,unclassified,,,
615,615,YKR092C,SRP40,407,113,148,DESSSESESEDETKKRARESDNEDAKETKKAKTEPE,36,0.0454545454545454,0.6111111111111112,P32583,verified,0.2354923249014022,unclassified,,,
626,626,YLL008W,DRS1,753,693,737,RNKKVTNSKKRKREEAKADGNGARSYRKTKTDRIADQERTFKKQK,45,0.1333333333333334,0.5333333333333333,P32892,verified,0.1949438337739436,unclassified,,,
628,628,YLL011W,SOF1,490,372,416,RLWRSKAWERSNVKTTREKNKLEYDEKLKERFRHMPEIKRISRHR,45,0.1075555555555555,0.5111111111111111,P33750,verified,0.0905521602775386,unclassified,,,
629,629,YLL018C,DPS1,558,24,76,DGKPLSKKALKKLQKEQEKQRKKEERALQLEAEREAREKKAAAEDTAKDNYGK,53,0.0162654521795705,0.5471698113207547,P04802,verified,0.1225738254085861,unclassified,,,
633,633,YLL034C,RIX7,838,20,59,DLIYRLLEEKTLDRKRSLRQESQGEEGENNEGEEDEDIFE,40,0.0964285714285714,0.525,Q07844,verified,0.342796628273913,unclassified,,,
635,635,YLR002C,NOC3,664,78,153,KVNGKVERKLHKAQEKPKDDDEEDEDSNDSSEDDEGPNEEQEAEAKEDEPDTEEKILQLKEDIADLVTKVMEEPEE,76,0.1196172248803827,0.5657894736842105,Q07896,verified,0.2975229562512509,unclassified,,,
636,636,YLR002C,NOC3,664,359,407,KLKKKDRVHLSKKQRKARKEMQQIEEEMRNAEQAVSAEERERNQSEILK,49,0.0282574568288853,0.5102040816326531,Q07896,verified,0.1997601303735132,unclassified,,,
641,641,YLR032W,RAD5,1170,1128,1168,DSIEEKMLRIQEKKRTIGEAMDTDEDERRKRRIEEIQMLFE,41,0.009544008483563,0.5609756097560976,P32849,verified,0.2400191766478289,unclassified,,,
643,643,YLR056W,ERG3,366,307,361,RLGGSYRRPDDSLFDPKLRDAKETWDAQVKEVEHFIKEVEGDDNDRIYENDPNTK,55,0.0111888111888111,0.4545454545454545,P32353,verified,0.133505553771957,unclassified,,,
645,645,YLR079W,SIC1,285,222,273,ELVTQEIRNERKRAMLRENPDIEDVITYVNKKGEVVEKRRLTDEEKRRFKPK,52,0.0064102564102564,0.5192307692307693,P38634,verified,0.1802587520374287,unclassified,,,
649,649,YLR086W,SMC4,1419,1052,1094,ETLNLKVELKEQSEQLKEQMEDMEESINEFKSIEIEMKNKLEK,43,0.041860465116279,0.4651162790697674,Q12267,verified,0.1585246109362232,unclassified,,,
659,659,YLR115W,CFT2,860,409,448,DTIKEEPLSKEETEAFKVQLKEKKRDRNKKILLVKRESKK,40,0.0271739130434782,0.575,Q12102,verified,0.0959868074097567,unclassified,,,
660,660,YLR117C,CLF1,688,15,63,EQILRDVYKKGQKARGSTNIDILDLEELREYQRRKRTEYEGYLKRNRLD,49,0.0079858030168589,0.4693877551020408,Q12309,verified,0.2580404214186163,unclassified,,,
661,661,YLR117C,CLF1,688,568,610,KLQSENVDEDIEFEITDENKLEARKVFEEAIVFFKEKDDKQGR,43,0.0380549682875264,0.5116279069767442,Q12309,verified,0.2128176036590288,unclassified,,,
662,662,YLR129W,DIP2,944,277,318,DKTIETFRIRKEEEIARGLKKREKRLKEKGLTEEEIAKSIKE,42,0.0085714285714285,0.5952380952380952,Q12220,verified,0.1482824829230669,unclassified,,,
671,671,YLR195C,NMT1,456,25,70,KFTQEQKKAMKDHKFWRTQPVKDFDEKVVEEGPIDKPKTPEDISDK,46,0.0009451795841209,0.4782608695652174,P14743,verified,0.1177723605548784,unclassified,,,
673,673,YLR197W,NOP56,505,432,503,ELYNKDKPAAEVEETKEKESSKKRKLEDDDEEKKEKKEKKSKKEKKEKKEKKDKKEKKDKKEKKDKKKKSKD,72,0.0284839924670433,0.8194444444444444,Q12460,verified,0.1283692584457688,unclassified,,,
676,676,YLR214W,FRE1,687,598,642,EDTNSDESTKGFDDKEESEITVECLNKRPDLKELVRSEIKLSELE,45,0.0646464646464646,0.4888888888888889,P32791,verified,0.0931880870599989,unclassified,,,
679,679,YLR226W,BUR2,396,345,393,ELIKSGEVKEEFLNHIETRVKDLLDKAKQESMKRKAKDPIRTPDAKKPK,49,0.0204081632653061,0.4897959183673469,Q05949,verified,0.0795532387995268,unclassified,,,
681,681,YLR247C,IRC20,1557,883,923,RKLEEADDKHRKEKTEEVVYSDVFPKNELEEIEENRLLEQE,41,0.0365853658536585,0.5609756097560976,Q06554,verified,0.1593848293048531,unclassified,,,
682,682,YLR247C,IRC20,1557,1486,1538,RNTVEENILRYKCILEERKRKEKSKKGDKYDEAQDETDNEESDDAKFEISVVD,53,0.0162654521795705,0.5471698113207547,Q06554,verified,0.2318286166978707,unclassified,,,
683,683,YLR257W,YLR257W,322,81,124,DEVDLENVDASKVRSNRDDLEAEEKRKKLLLLKKKQRNKSINSE,44,0.0009881422924901,0.5227272727272727,Q06146,verified,0.3451067886088988,unclassified,,,
690,690,YLR309C,IMH1,912,313,371,DNSINTEEYDKLKENLQELQEKYKDCEDWKQKYEDIEAELKDAKELENSQLEKSAKELE,59,0.0564971751412429,0.5084745762711864,Q06704,verified,0.0890064255797618,unclassified,,,
694,694,YLR323C,CWC24,260,58,108,ENEGKLQKKGEDLDKYTLTVNDDSTKEDLLNFERKELAEKAKKRRPSDDNE,51,0.0065359477124183,0.5294117647058824,P53769,verified,0.1691268369861065,unclassified,,,
695,695,YLR324W,PEX30,524,475,520,EGEFERISSTDEEVLKSRARDRLAKVLDDTEEKEQSNPTIGRDSKK,46,0.0085066162570888,0.5,Q06169,verified,0.1652661409627789,unclassified,,,
703,703,YLR398C,SKI2,1288,223,277,KQLNEIDNELDIRIEANEAKLKEEEKSAKSISEEIMEEATEETTADNADDAEIDE,55,0.1515151515151515,0.4909090909090909,P35207,verified,0.2085585552001709,unclassified,,,
704,704,YLR401C,DUS3,669,255,294,EQRNKELSEHRMKQREVYLKYKDTRYFAQEKKPLDLYHKK,40,0.0583333333333333,0.475,Q06053,verified,0.0508290936488207,unclassified,,,
713,713,YLR435W,TSR2,206,126,178,KVEKLYLEWQEKQRTKKSKRVVHIEGDDDEDDEDVEDYDDEDEDEEMDEVVPD,53,0.1420643729189789,0.6226415094339622,Q06672,verified,0.6237981063984246,unclassified,,,
716,716,YLR451W,LEU3,887,69,116,KRDFRRTYKRARNEAIEKRFKELTRTLTNLTSDEILKKIEEEQEIVLD,48,0.0034722222222222,0.5,P08638,verified,0.1984961780277438,unclassified,,,
718,718,YLR457C,NBP1,320,9,79,KDFFGIRDDGRKREYGSLDEVRKRSALRSRRKQMRPTGKSVLKRPRKVTDRKTEEKIRTNRRKTPKRRLTK,71,0.1482579688658265,0.5352112676056338,P52919,verified,0.2211723848545979,unclassified,,,
721,721,YML012W,ERV25,212,112,161,RAIELDIESGAEARDWNKISANEKLKPIEVELRRVEEITDEIVDELTYLK,50,0.0327272727272727,0.44,P54837,verified,0.1995104830843207,unclassified,,,
723,723,YML014W,TRM9,280,200,255,KERSEYLQRWKEEQQRSKSLDDNDEKQQQDQEQEREEVKYRYYHLYREGELAEDCR,56,0.0095238095238095,0.5178571428571429,P49957,verified,0.1310959848248022,unclassified,,,
734,734,YML072C,TCB3,1546,938,996,EELVNVEKLEKELKEKKKKFEATQEENEQEMEKNPKEWEVAEIEDPFDSDEKKINRKAK,59,0.0179461615154536,0.576271186440678,Q03640,verified,0.2097283300810338,unclassified,,,
737,737,YML076C,WAR1,945,82,124,KQKCEPSDVNDIYRKPCRRCLKHKKLCKFDLSKRTRKRKPRSR,43,0.2275025278058645,0.5116279069767442,Q03631,verified,0.3427021813411243,unclassified,,,
738,738,YML086C,ALO1,527,464,502,KKDTDYDDFEMRGMALKVEEWYGEDLKKFRKIRKEQDPD,39,0.0046620046620046,0.5641025641025641,P54783,verified,0.2646917346261853,unclassified,,,
742,742,YML093W,UTP14,900,461,520,DAETREEMEEMLRQGERLKAKMLDRNSDDEEDGRVQTLSDVENEEKENIDSEALKSKLGK,60,0.0435483870967741,0.5166666666666667,Q04500,verified,0.213316133197327,unclassified,,,
746,746,YMR012W,CLU1,1278,153,187,KERSKQEEKDEKSDPEEKKNTFKDVTDEEKLKFNE,35,0.0111801242236024,0.6571428571428571,Q03690,verified,0.0743764584603935,unclassified,,,
748,748,YMR014W,BUD22,520,369,490,DTEEESDEDNKNVKGKKKKRDTAEDRTAREQMSNEPKRKNRRGQRARRKIWEKKYGSQAKHVQRELEKEMEDRKQRQIEYEARVAKREAKAASLEASRSREREDRRTETNNKKEKESASTGE,122,0.0120540019286403,0.5491803278688525,Q04347,verified,0.2009131316474047,unclassified,,,
750,750,YMR028W,TAP42,367,306,356,EEFLDKEFEEGRVLQGGEEPEQAPDEENMDWQDRETYKAREWDEFKESHAK,51,0.0878721859114016,0.5098039215686274,Q04372,verified,0.1445369271269163,unclassified,,,
754,754,YMR039C,SUB1,293,202,243,RKQQEERKQKEKEEAEEAKAKAVAEQEKEAKAKEKIAEPEPE,42,0.0036630036630036,0.6190476190476191,P54000,verified,0.0917748832248787,unclassified,,,
760,760,YMR089C,YTA12,826,45,84,KSGNKNEDNNEDAKLNKEIPTDEEVEAIRKQVEKYIEQTK,40,0.0118421052631578,0.475,P40341,verified,0.2257362595973236,unclassified,,,
762,762,YMR089C,YTA12,826,744,790,ECHDRCTKLLKEKAEDVEKIAQVLLKKEVLTREDMIDLLGKRPFPER,47,0.0009250693802035,0.4680851063829787,P40341,verified,0.0991902461141731,unclassified,,,
764,764,YMR100W,MUB1,621,412,454,ERYRVPKPSDDNAYGKDKERINLRKKISDNFERRWSYDKMKKE,43,0.025278058645096,0.5348837209302325,Q03162,verified,0.1186230205473827,unclassified,,,
765,765,YMR115W,MGR3,502,113,165,EAIWQESDKMDFNYKEALRRYIEALDECDRSHVDLLSDDYTRIELKIAEMYEK,53,0.0283018867924528,0.4339622641509434,Q04472,verified,0.1094874359049397,unclassified,,,
766,766,YMR115W,MGR3,502,240,282,KSPELKEFFENRKKKLSMVKDINRDPNDDFKTFVSEENIKFDE,43,0.0011074197120708,0.4883720930232558,Q04472,verified,0.1545492561633979,unclassified,,,
768,768,YMR124W,EPO1,944,497,549,ELKEKERKLAEMEKSLREREALVEEKEKERAEKNTEANEEEEISHESDDLNLR,53,0.0280160091480846,0.6037735849056604,P39523,verified,0.1447009048340351,unclassified,,,
769,769,YMR128W,ECM16,1268,60,115,EILEPLTEEEKKMKKRKLQELFTPKESKVSRLKKKRLDKFIEHQLKREERKTIIGK,56,0.0466589861751152,0.5357142857142857,Q04217,verified,0.2380555958583443,unclassified,,,
773,773,YMR163C,INP2,706,598,649,RVDFIGKDSCRKPDFKQLSDNELRRKLDERILKLAQENREGRERLRTAKSFE,52,0.0118343195266272,0.5,Q03824,verified,0.0633363483651156,unclassified,,,
775,775,YMR186W,HSC82,706,210,269,KEVEKEVPIPEEEKKDEEKKDEDDKKPKLEEVDEEEEEKKPKTKKVKEEVQELEELNKTK,60,0.0313953488372093,0.7166666666666667,P15108,verified,0.2037424201158494,unclassified,,,
776,776,YMR188C,MRPS17,238,14,63,KMQKTVKVRVETKVFNKKINKELFHRRDYLVHDEGEISREGDLVRIEATR,50,0.03,0.44,Q03246,verified,0.1614303855385826,unclassified,,,
781,781,YMR213W,CEF1,591,164,211,KKATRKIRERMLEESKRIAELQKRRELKQAGINVAIKKPKKKYGTDID,48,0.0868055555555555,0.5,Q03654,verified,0.1979526527390506,unclassified,,,
782,782,YMR213W,CEF1,591,228,278,DTSTEDRQIKKKFEQFERKVNRKGLDGNKDKPSKKNKDKKRKHDENEHVEK,51,0.0392156862745098,0.5882352941176471,Q03654,verified,0.1722858551242544,unclassified,,,
792,792,YMR233W,TRI1,227,67,114,KNDLISRDQELSLRLQKEEERPLRSTRKRKGKSESKSKRKKKKNDSPD,48,0.0625,0.5625,Q05024,verified,0.3119630459154501,unclassified,,,
793,793,YMR235C,RNA1,408,340,406,DLLQSKFDDLEVDDFEEVDSEDEEGEDEEDEDEDEKLEEIETERLEKELLEVQVDDLAERLAETEIK,67,0.3061521659992718,0.6119402985074627,P11745,verified,0.3934852438507722,unclassified,,,
796,796,YMR269W,TMA23,212,125,208,KGKKRRRRDEDDNKVKRKKLKKDKKTSNDSESKKKKKKKSKKESKKGKKSKHSSDEGDKSKHKKSKKSKKHKKEESSARRDRKE,84,0.1966205837173578,0.7023809523809523,Q03525,verified,0.3170475762015824,unclassified,,,
797,797,YMR270C,RRN9,366,287,332,KELLSKTREDFIPVEKLLKDKRLTSKDKSKLQRLNREETEDALNKR,46,0.0144927536231884,0.5217391304347826,P53437,verified,0.1267531364721434,unclassified,,,
802,802,YMR294W,JNM1,374,21,74,DNEESQEIFENEVKEDGQQEEQEEASSRKDGLIVEPGRDVESLRRAIRDQLLFK,54,0.06,0.4629629629629629,P36224,verified,0.1932043981888677,unclassified,,,
803,803,YMR294W,JNM1,374,82,134,DCADARKLSNDEEDESRQQKLERIREELEELKIENLTSEMQTEIKELCEIQSK,53,0.04644412191582,0.490566037735849,P36224,verified,0.1860197190066609,unclassified,,,
805,805,YMR302C,YME2,851,603,653,KKSKGENVKEPESEKETAENNDSDSEADTSVKKAEVILNEKELQEIDASLE,51,0.0522875816993464,0.4705882352941176,P32843,verified,0.1506614345894776,unclassified,,,
806,806,YMR308C,PSE1,1090,803,839,DTYERMQDRHGDGDEYNENIDEEEDFTDEDLLDEINK,37,0.2175032175032175,0.5405405405405406,P32337,verified,0.3609477696552469,unclassified,,,
807,807,YMR311C,GLC8,230,160,227,EPEFEIKENKQPDFETNDENDEDSPEARHKKFEEMRKKHYDVRAIFNKKSREALKDEDEDEDDSTTKE,68,0.0290530846484935,0.5735294117647058,P41818,verified,0.2990013686961462,unclassified,,,
808,808,YNL001W,DOM34,387,22,83,EDKEDLFTVYQIVDKDDELIFKKKFTSKLDEAGKKKSTDLVKLKIKVISEDFDMKDEYLKYK,62,0.0005202913631633,0.5,P33309,verified,0.1931589836543052,unclassified,,,
811,811,YNL005C,MRP7,372,159,191,KQLEVRESKRKELQDKLSKVLRDELKLDIKDIE,33,0.0015948963317384,0.5757575757575758,P12687,verified,0.0344280358480201,unclassified,,,
814,814,YNL039W,BDP1,595,549,592,DLKVYRKTEVVLGTIDDLKRKKLKERNNDDNEDNEGSEEEPEID,44,0.034090909090909,0.5454545454545454,P46678,verified,0.3525777327432695,unclassified,,,
819,819,YNL059C,ARP5,756,372,488,KAQMVEAEDDSHLDEMNEDKTAQKFDLLDIADEDLNEDQIKEKRKQRFLKASQDARQKAKEEKERVAKEEEEKKLKEQQWRETDLNGWIKDKRLKLNKLIKRRKEKLKLRDEMKDRK,117,0.0011481056257175,0.5641025641025641,P53946,verified,0.1930369665660357,unclassified,,,
821,821,YNL075W,IMP4,291,39,75,KPLPKELAEDESLQKDFRYDQSLKESEEADDLQVDDE,37,0.1152204836415362,0.5135135135135135,P53941,verified,0.2364804531441097,unclassified,,,
823,823,YNL087W,TCB2,1179,786,845,EEAKEVDEINEKKDKLEKQKSTLDDKNISKEEKERIKKEEFRLTEKYDMYSYKMKLDLDE,60,0.0074074074074074,0.6,P48231,verified,0.0565441342481171,unclassified,,,
827,827,YNL091W,NST1,1241,616,778,EKQADNNRLKLLQELEEEKRKKREKEEKKQKKREKEKEKKRLQQLAKEEEKRKREEEKERLKKELEEREMRRREAQRKKVEEAKRKKDEERKRRLEEQQRREEMQEKQRKQKEELKRKREEEKKRIREQKRLEQEKLQKEKEEEERQRLIAEDALRKQKLNEE,163,0.0133097639596547,0.7239263803680982,P53935,verified,0.0885255935119035,unclassified,,,
830,830,YNL103W,MET4,673,574,619,DLHGFEKKQLIKKELGDDDEDLLIQSKKSHQKKKLKEKELESSIHE,46,0.0033444816053511,0.5,P32389,verified,0.335147757307543,unclassified,,,
831,831,YNL110C,NOP15,221,168,216,KGAKIEKLYKYKKRVLVEKGITKPVKQLKDNMKQKHEERIKKLAKSGIE,49,0.1224489795918367,0.4693877551020408,P53927,verified,0.1712675821088404,unclassified,,,
832,832,YNL124W,NAF1,493,77,123,EDDSADQDVEGEDEGGDAIENEDEDEDPSPSGPILSKNEILEETVPE,47,0.3868471953578337,0.4680851063829787,P53919,verified,0.3257491739755898,unclassified,,,
833,833,YNL124W,NAF1,493,226,285,DTFELKRNKGTDASNGYDEELPEEEQEFSDDEKEALFKKMKKQQRQRKKRDNRKLANDSD,60,0.0020833333333333,0.5333333333333333,P53919,verified,0.3632842552959291,unclassified,,,
835,835,YNL132W,KRE33,1057,651,702,RAIELLRDYFEGKFTDMSEDVRPKDYSIKRVSDKELAKTNLLKDDVKLRDAK,52,0.0007692307692307,0.4807692307692308,P53914,verified,0.0640433967774453,unclassified,,,
837,837,YNL136W,EAF7,426,317,383,ESEGVDEGVDEELGYESEREAEGKGKQIESEGGNLKKKTENKKGDDQQDDTKKDSKDKNEPLAKRTR,67,0.0149253731343283,0.5373134328358209,P53911,verified,0.1931369983824912,unclassified,,,
840,840,YNL151C,RPC31,252,195,247,KGSKTGEGEDDDLADDDFEEDEDEEDDDDYNAEKYFNNGDDDDYGDEEDPNEE,53,0.4168096054888508,0.6226415094339622,P17890,verified,0.5014845216003306,unclassified,,,
841,841,YNL163C,RIA1,1111,1061,1108,EEELEELGDTADRENIARKHMNAIRRRKGLFIEEKVVENAEKQRTLKK,48,0.0008333333333333,0.5,P53893,verified,0.298397195716974,unclassified,,,
843,843,YNL175C,NOP13,404,2,42,ETELSKEDAVTKKDNEEQVKKALLDPTKKRKAEDEIEIDLK,41,0.009544008483563,0.5609756097560976,P53883,verified,0.2133639157771202,unclassified,,,
849,849,YNL189W,SRP1,543,10,55,KFVPEYRRTNFKNKGRFSADELRRRRDTQQVELRKAKRDEALAKRR,46,0.0905797101449275,0.5217391304347826,Q02821,verified,0.1469165127855126,unclassified,,,
851,851,YNL206C,RTT106,456,275,318,KDGEKYEFSMIDQTEYAKIDDYVKRKQMKDKSMSEELKAKSKSK,44,0.0041322314049586,0.5,P40161,verified,0.1623880484040829,unclassified,,,
855,855,YNL215W,IES2,321,104,146,EKSDIGDSKGNDGEIEDGILEEEESLEKELNRGGGKEVEKSEE,43,0.1223458038422649,0.5348837209302325,P40154,verified,0.203292743529779,unclassified,,,
856,856,YNL215W,IES2,321,221,287,DLLEDGGSKKKLTDEEIQLRRAENARKRKNLSEKRLEEEKQDTINKLLKKRAGKSRSHLPNDDEKND,67,0.0066334991708125,0.5223880597014925,P40154,verified,0.2618004895175864,unclassified,,,
868,868,YNL265C,IST1,299,237,297,KKPRQNSENIKNELKIPKDIKKEVIEKKQSEKKTTKRKTKKEQENDELDELKKRFDALRRK,61,0.0455373406193078,0.5901639344262295,P53843,verified,0.1729633493496615,unclassified,,,
876,876,YNL308C,KRI1,592,172,219,KSAFSDEENEESSGDEDDGFLKKKEPSTKKEGKNLPDPTVNEENFLEE,48,0.0733695652173912,0.4791666666666667,P42846,verified,0.3123394352939311,unclassified,,,
878,878,YNL308C,KRI1,592,376,444,EGKPTWNEDDEIMGDFYADADGDDQTEEGEVEKEQKEEDEEEGPKRKKSKKEEKLQKKKEKRKVNELVE,69,0.0345065562456866,0.6086956521739131,P42846,verified,0.3294935732654346,unclassified,,,
879,879,YNL308C,KRI1,592,512,562,KFAPYRSKELRAKDKRKVMKARRLREWRKKTFKNENGLAPVEAEAGEKDED,51,0.0355846042120551,0.5294117647058824,P42846,verified,0.1850888336663615,unclassified,,,
880,880,YNL323W,LEM3,415,10,61,EVFRRKDKGAIVSGDNPEEEEDVDASEFEEDEVKPVRTKNRRPKEDAFTQQR,52,0.0178062678062678,0.5192307692307693,P42838,verified,0.4011026712056093,unclassified,,,
881,881,YNR006W,VPS27,623,222,274,DSCFEDYDLKRHDDSKKSKKHRHKRKKDRDYSTPEDEEELIRKAIELSLKESR,53,0.0088790233074361,0.5849056603773585,P40343,verified,0.3091518616468174,unclassified,,,
882,882,YNR006W,VPS27,623,287,330,ESKNEVKRQEIEEEEDPDLKAAIQESLREAEEAKLRSERQKASR,44,0.0151515151515151,0.5454545454545454,P40343,verified,0.2326762729461804,unclassified,,,
883,883,YNR007C,ATG3,311,240,283,KILLDKVRVVRQRRRKELQEEQELDGVGDWEDLQDDIDDSLRVD,44,0.0247035573122529,0.5227272727272727,P40344,verified,0.3814307898036861,unclassified,,,
887,887,YNR033W,ABZ1,788,232,278,KTGRWEKKKLNGEFSDILSRLDRTIDRDPIYKVKEKYPKGEDTTYVK,47,0.0154738878143133,0.4680851063829787,P37254,verified,0.087103833461756,unclassified,,,
890,890,YNR054C,ESF2,317,135,184,RFGEVDRLFLKKEDDQKYKQRVKGGGNKKNKYEEGWAEFIRKRDAKLCAE,50,0.0199999999999999,0.5,P53743,verified,0.1608059047373939,unclassified,,,
892,892,YOL004W,SIN3,1537,1070,1111,RSRYQKLKRSNDEDGKVPQLSEPPEEEPNTIEEEELIDEEAK,42,0.0555555555555555,0.5,P22579,verified,0.389841867421058,unclassified,,,
894,894,YOL006C,TOP1,770,238,285,DYFQLQKEQKKQLTSQEKKQIRLEREKFEEDYKFCELDGRREQVGNFK,48,0.0009057971014492,0.4791666666666667,P04786,verified,0.0770075588614504,unclassified,,,
895,895,YOL006C,TOP1,770,575,681,RIQELEWQKIRCKRAILQLDKDLLKKEPKYFEEIDDLTKEDEATIHKRIIDREIEKYQRKFVRENDKRKFEKEELLPESQLKEWLEKVDEKKQEFEKELKTGEVELK,107,0.0001584032947885,0.5420560747663551,P04786,verified,0.1205479157860172,unclassified,,,
896,896,YOL009C,MDM12,272,56,94,KEITDPLDEFYDSIREEADQETEENNDNKEDSEHICPDR,39,0.1477411477411477,0.5128205128205128,Q92328,verified,0.1932036388934606,unclassified,,,
900,900,YOL034W,SMC5,1094,804,857,EREADLKSQYEDKKKFVKEMRDTPEFQSWMREIRSYDQDTKEKLNKVAEKYEEE,54,0.0057471264367816,0.5370370370370371,Q08204,verified,0.0610557342644136,unclassified,,,
903,903,YOL045W,PSK2,1102,768,817,KMYTQDKSKFVKDDNFKVDEKFIMRIIEPINGEEIKKETNELDKRNSTLK,50,0.0008695652173913,0.46,Q08217,verified,0.0782640782465537,unclassified,,,
904,904,YOL054W,PSH1,407,93,132,EKLRDQNDESFKKLLTTKTKEENDYKNDKEKDTLFDKVFK,40,0.0,0.55,Q12161,verified,0.0848162849872773,unclassified,,,
908,908,YOL070C,NBA1,502,389,431,KQDDDMYEDIIEETPKKTKLKKDTKKKLNKKKSVKELRSFDID,43,0.0083720930232558,0.5813953488372093,Q08229,verified,0.3337167576892296,unclassified,,,
910,910,YOL093W,TRM10,294,23,84,EGMSKKQWKKMCKRQRWEENKAKYNAERRVKKKRLRHERSAKIQEYIDRGEEVPQELIREPR,62,0.0591397849462365,0.5161290322580645,Q12400,verified,0.2435478283204363,unclassified,,,
914,914,YOL145C,CTR9,1078,888,1002,KSALERSLNEQEEFEKEQSAKIDEARKILEENELKEQGWMKQEEEARRLKLEKQAEEYRKLQDEAQKLIQEREAMAISEHNVKDDSDLSDKDNEYDEEKPRQKRKRSTKTKNSGE,115,0.0052173913043478,0.5130434782608696,P89105,verified,0.16908216148174,unclassified,,,
918,918,YOR027W,STI1,590,237,282,KAPQKEESKESEPMEVDEDDSKIEADKEKAEGNKFYKARQFDEAIE,46,0.0426086956521739,0.5434782608695652,P15705,verified,0.1830671157020665,unclassified,,,
919,919,YOR042W,CUE5,412,188,239,RRRNRDRATRSMHEQRRRRHNPNEREQHHEDSEEEDSWSQFVEKDLPELTDR,52,0.0055831265508684,0.5192307692307693,Q08412,verified,0.27896867010271,unclassified,,,
920,920,YOR048C,RAT1,1007,108,155,KMNQQRARRFRSARDAQIENEAREEIMRQREEVGEIIDDAVRNKKTWD,48,0.0009057971014492,0.4791666666666667,Q02792,verified,0.2436779122906105,unclassified,,,
923,923,YOR054C,VHS3,675,573,672,DVSAGKEEEEDEDNDEEDDNKKNDTGGKDEDNDDDDDDDDDDDDDDDDDDDDDDDDDDDDDDDDDDDDDDDDDDDDDEDDEDEDEDDEGKKKEDKGGLQR,100,0.5185714285714287,0.84,Q08438,verified,0.8935681982086691,unclassified,,,
926,926,YOR078W,BUD21,215,133,176,RHVTFDKLDESDENEEALAKAIKTKKRKTLKNLRKDSVKRGKFR,44,0.0606060606060606,0.5227272727272727,Q08492,verified,0.3948440488909889,unclassified,,,
927,927,YOR086C,TCB1,1187,795,854,EEIQDLDKVNKKKKALELRKSAIDEKKISKEDKAKFDQEWNEVKELEDMYSNRQKLDLPE,60,0.0020833333333333,0.5333333333333333,Q12466,verified,0.1703502128305563,unclassified,,,
928,928,YOR087W,YVC1,676,537,580,KETREARRIKYNRMKRLNDDANEYDTPWDLTDGYLDDDDGLFSD,44,0.027056277056277,0.4772727272727273,Q12324,verified,0.3534284803028628,unclassified,,,
929,929,YOR091W,TMA46,346,111,151,DLNVGRRMEKKDLYQDTRSEKENDTMDNWDEEKLRKVILSK,41,0.0011614401858304,0.5121951219512195,Q12000,verified,0.1567083642065313,unclassified,,,
930,930,YOR104W,PIN2,283,126,178,RNDAKNDTFYDEVKTPSNEVYELEEDFDLEKQKEKTRKKQQKERNKEGRSPSR,53,0.0,0.5283018867924528,Q12057,verified,0.2292332788880248,unclassified,,,
931,931,YOR119C,RIO1,485,405,483,EEFSDDEEDGSSGSEEDDEEEGEYYDDDEPKVLKGKKHEDKDLKKLRKQEAKDAKREKRKTKVKKHIKKKLVKKTKSKK,79,0.0021495103893002,0.6455696202531646,Q12196,verified,0.4330930554535869,unclassified,,,
933,933,YOR123C,LEO1,465,379,463,RRNEYEEDDFLVDDDEEEEAAFDDEEDDNEEEEEEEDADEENASRLRNLKREGAAMYREEEEEEKDRSETKRRRVAVIEDDEDED,85,0.207707910750507,0.6823529411764706,P38439,verified,0.4895157502770109,unclassified,,,
934,934,YOR124C,UBP2,1273,1078,1128,DRYADTENPLLLAKKKETEEMKQKLKVMKNRQRELLSRDDSGLTRKDAFLE,51,0.0032679738562091,0.4705882352941176,Q01476,verified,0.1649417740211581,unclassified,,,
940,940,YOR175C,ALE1,620,520,572,KAKIEHEKGKTAEEEEMNLGIPPIELEKWDNAKEDWEDFCKDYKEWRNKNGLE,53,0.0174703004891684,0.490566037735849,Q08548,verified,0.1549855328718222,unclassified,,,
941,941,YOR189W,IES4,117,64,114,RRDVREERQRGSEFTASDVKGSDDKATRKKEPADEDPEVKQLEKEGEDGLD,51,0.0169033130493576,0.5686274509803921,Q08561,verified,0.1399136933340803,unclassified,,,
942,942,YOR194C,TOA1,287,168,232,ENIDDESEKKDDEEKEEDVEKTRKEKEQIEQVKLQAKKEKRSALLDTDEVGSELDDSDDDYLISE,65,0.0887573964497041,0.6,P32773,verified,0.1992071413670533,unclassified,,,
949,949,YOR216C,RUD3,485,78,138,DTINPLEDKKAGDEMKELREEIERLKLELSHKKDQETPNEDFKNELANVIKERDEFKTQYD,61,0.0184426229508196,0.5081967213114754,Q12234,verified,0.0436582044983802,unclassified,,,
953,953,YOR232W,MGE1,229,38,93,RRMRFYSDEAKSEESKENNEDLTEEQSEIKKLESQLSAKTKEASELKDRLLRSVAD,56,0.0059523809523809,0.4821428571428571,P38523,verified,0.1450846208822427,unclassified,,,
954,954,YOR243C,PUS7,677,70,115,EIDQEGKVIHLTDKGFKMPKKPQRSKEEVNAEKESEAARRQEFNVD,46,0.0,0.4565217391304347,Q08647,verified,0.1617819921362197,unclassified,,,
955,955,YOR254C,SEC63,664,49,91,KSKEFNEEVFKNLNEEYTSDEIKQFRRKFDKNSNKKSKIWSRR,43,0.0276854928017718,0.4883720930232558,P14906,verified,0.2415681137756846,unclassified,,,
956,956,YOR259C,RPT4,438,29,95,EQPQETEEHHEEEPSRVDPEQEAHNKALNQFKRKLLEHRRYDDQLKQRRQNIRDLEKLYDKTENDIK,67,0.0,0.4776119402985074,P53549,verified,0.2192549034601837,unclassified,,,
962,962,YOR279C,RFM1,311,182,234,DIASDITERDGIRRRSSRISERDKRRSQSRLGSEEDEEGDGHDGDEGETKIQD,53,0.0162654521795705,0.5283018867924528,Q12192,verified,0.3290677670244579,unclassified,,,
963,963,YOR281C,PLP2,287,38,97,KLEEALEEAIAKQHENRLEDKDLSDLEELEDDEDEDFLEAYKIKRLNEIRKLQERSKFGE,60,0.0490196078431372,0.55,Q12017,verified,0.3291851322031867,unclassified,,,
967,967,YOR290C,SNF2,1704,1239,1284,KFDNKSTSEEQEALLRSLLDAEEERRKKRESGVEEEEELKDSEINE,46,0.0535117056856187,0.5652173913043478,P22082,verified,0.259139281494483,unclassified,,,
969,969,YOR308C,SNU66,588,268,319,DEDGGDFKPLKIKKRKIKDPRSTKARKSKITDKMEIVKLVDEDESLSWMEEE,52,0.0,0.5384615384615384,Q12420,verified,0.3461606653146088,unclassified,,,
973,973,YOR326W,MYO2,1575,1017,1057,EQTLKDAQLELEDMVKQHDELKEESKKQLEELEQTKKTLVE,41,0.0290360046457607,0.4878048780487805,P19524,verified,0.1460025330522261,unclassified,,,
974,974,YOR328W,PDR10,1565,1193,1232,DYFAIWRDSEEYREMQKELDWMERELPKRTEGSSNEEQKE,40,0.045,0.5,P51533,verified,0.0602395243824571,unclassified,,,
982,982,YPL016W,SWI1,1315,592,633,KKPRKQRVKKKTKKELELERKEREDFQKRQQKLLEDQQRQQK,42,0.0915750915750915,0.6190476190476191,P09547,verified,0.2358038957678584,unclassified,,,
984,984,YPL020C,ULP1,622,326,405,RLQTRNENDDDLVFVKEKKISSLERKHKDYLNQKLKFDRSILEFEKDFKRYNEILNERKKIQEDLKKKKEQLAKKKLVPE,80,0.019047619047619,0.5125,Q02724,verified,0.1349113257999835,unclassified,,,
986,986,YPL043W,NOP4,686,487,535,EFATEVKNKERHPLSKEEIIRSTKEKYKFMGPDEIEAQKKKDKKSGVVK,49,0.0204081632653061,0.4897959183673469,P37838,verified,0.1240338029666034,unclassified,,,
988,988,YPL049C,DIG1,453,53,99,ESELEHVPEEDDSGDKEADHEDSETATAKKRKAQPLKNPKKSLKRGR,47,0.0,0.5106382978723404,Q03063,verified,0.4621856787719931,unclassified,,,
995,995,YPL146C,NOP53,456,235,357,ELINKEYKEEKAREDERIALEKYKERIRHLMETLDDNEEEESSSNEEEEEEEEENENENESTQCSGSDKEIKLSINKPVKNKKKTKYQRNKAKRHEEKVKLQQELKELRQRVKDLEEVINSEE,123,0.0119560019129603,0.5365853658536586,Q12080,verified,0.3088060936630547,unclassified,,,
1002,1002,YPL202C,AFT2,417,135,172,ELRFDLITKTDDYKKFKENLRQKNDEKAIKTFDELEYK,38,0.0,0.5263157894736842,Q08957,verified,0.0850007392771214,unclassified,,,
1004,1004,YPL212C,PUS1,545,209,249,RDIEESKTELPGVLDEDLESKEFWEEFKKDANEKFSTEEIE,41,0.1108647450110864,0.5365853658536586,Q12211,verified,0.1388244895589652,unclassified,,,
1008,1008,YPL225W,YPL225W,147,40,97,KLRLTKFDDEIYENFMERFPEYKDVERVKKFTEEELKTKEAKERWRKFFTIFEKKIED,58,0.0,0.5517241379310345,Q08971,verified,0.1272712010394312,unclassified,,,
1009,1009,YPL226W,NEW1,1197,903,959,RYQFGDDREVLLKESRKISEDEKEMMTKEIDIDDGRGKRAIEAIVGRQKLKKSFQYE,57,0.0,0.4912280701754385,Q08972,verified,0.1769215114350093,unclassified,,,
1011,1011,YPL240C,HSP82,710,210,273,KEVEKEVPIPEEEKKDEEKKDEEKKDEDDKKPKLEEVDEEEEKKPKTKKVKEEVQEIEELNKTK,64,0.0269281914893617,0.734375,P02829,verified,0.1632027356156103,unclassified,,,
1012,1012,YPL260W,YPL260W,552,164,212,DEDGNDDRLREIDNERKKNKIEEDLLLRAKLKHCKDEYDILEGKLEEID,49,0.0244897959183673,0.5918367346938775,Q08977,verified,0.1802604923203841,unclassified,,,
1013,1013,YPL263C,KEL3,652,2,52,KKNKKDKEAKKARAELKNQKNQKKQEKKFQKNKNKSLNGEEDDESDQDLDE,51,0.0104575163398692,0.5882352941176471,Q08979,verified,0.3147647099863356,unclassified,,,
1019,1019,YPR057W,BRR1,342,153,198,EKAEEKEENLQIDEEWAKNILVRLEKTKIDSVEDVKKVITEGDKHE,46,0.0217391304347826,0.5217391304347826,Q99177,verified,0.1209097574745777,unclassified,,,
1020,1020,YPR065W,ROX1,369,53,100,KGLQPEDKAHWENLAEKEKLEHERKYPEYKYKPVRKSKKKQLLLKEIE,48,0.0288461538461538,0.5,P25042,verified,0.1888126572654368,unclassified,,,
1022,1022,YPR075C,OPY2,361,116,165,KRYWKPKRQKNKALKLEEASQSYGNEEEYFDDEDDDDEDDEDDGGMRKDE,50,0.0666666666666666,0.6,Q06810,verified,0.5961203096853324,unclassified,,,
1024,1024,YPR091C,NVJ2,771,36,78,KSASKKELDHDTADEIDEKTRLLARDIDPEFKARKLEEQLGVK,43,0.0010111223458038,0.5116279069767442,Q06833,verified,0.2150324399296054,unclassified,,,
1028,1028,YPR107C,YTH1,209,159,198,KDECDMEHPQFIIPDEGSKLRIKRDDEINTRKMDEEKERR,40,0.0041666666666666,0.575,Q06102,verified,0.1643181569088321,unclassified,,,
1030,1030,YPR110C,RPC40,336,258,294,DEGSDEAYVKDARKDTVSREVLRYEEFADKVKLGRVR,37,0.0014224751066856,0.5135135135135135,P07703,verified,0.1392515955264528,unclassified,,,
1033,1033,YPR119W,CLB2,492,172,221,RNTESETDSGKKRPISTIVEQELPKKFKVCDENGKEEYEWEDLDAEDVND,50,0.0533333333333333,0.48,P24869,verified,0.320807814282863,unclassified,,,
1035,1035,YPR125W,YLH47,455,375,430,EVKVNVVKEDEASAKQKLKQLREQEEIMKEEEQQEENAIVSVKDELSLDDQDKNID,56,0.0535714285714285,0.4821428571428571,Q06493,verified,0.1792547493568488,unclassified,,,
1036,1036,YPR131C,NAT3,196,148,186,DGYPDTLKKVDDNKDAFDMRKAMARDRNRSVRPDGRSHK,39,0.0205128205128205,0.4871794871794871,Q06504,verified,0.0870800096507963,unclassified,,,
1038,1038,YPR137W,RRP9,574,29,79,DPSSNEDEQLEVSDEEDALESEEEFEGENPADKRRRLAKQYLENLKSEAND,51,0.1325490196078431,0.4901960784313725,Q06506,verified,0.3763278138605884,unclassified,,,
1042,1042,YPR143W,RRP15,251,114,161,KAYDRKDPIMARNKKVLKQSESEKLEYKAKKALLAEKKKLLGKARKTD,48,0.0868055555555555,0.5,Q06511,verified,0.1664314547677403,unclassified,,,
1045,1045,YPR159W,KRE6,721,213,247,DEKEEDDYLHNPDPEEEARLDRRRFIDDFKYMDKR,35,0.031055900621118,0.6285714285714286,P32486,verified,0.1679243422038487,unclassified,,,
1046,1046,YPR163C,TIF3,437,382,430,DVLRTEDDDEDEEAEKQNGDAKENKVDAAVEKLQDKTAQLTVEDGDNWE,49,0.1379591836734693,0.5102040816326531,P34167,verified,0.328773705729655,unclassified,,,
