,acc,disprot_id,start,end,region_sequence,SGID,orf,gene
0,P32774,DP00009,89,104,DSHRDASQNGSGDSQS,S000001541,YKL058W,TOA2
1,P11938,DP00020,1,123,MSSPDDFETAPAEYVDALDPSMVVVDSGSAAVTAPSDSAAEVKANQNEENTGATAAETSEKVDQTEVEKKDDDDTTEVGVTTTTPSIADTAATANIASTSGASVTEPTTDDTAADEKKEQVSG,S000005160,YNL216W,RAP1
2,P11938,DP00020,210,359,YDNFREVVDSRLQEESHSNGVDNSNSNSDNKDSIRPKTEIISTNTNGATEDSTSEKVMVDAEQQARLQEQAQLLRQHVSSTASITSGGHNDLVQIEQPQKDTSNNNNSNVNDEDNDLLTQDNNPQTADEGNASFQAQRSMISRGALPSHN,S000005160,YNL216W,RAP1
4,P11938,DP00020,481,511,ITDEDTPTAIARRNMTMDPNHVPGSEPNFAA,S000005160,YNL216W,RAP1
5,P11938,DP00020,594,674,SAAKRARNYSSQRNVQPTANAASANAAAAAAAAASNSYAIPENELLDEDTMNFISSLKNDLSNISNSLPFEYPHEIAEAIR,S000005160,YNL216W,RAP1
7,P06786,DP00076,410,420,NALKKSDGTRK,S000005032,YNL088W,TOP2
8,P06786,DP00076,634,681,DKDYIDLAFSKKKADDRKEWLRQYEPGTVLDPTLKEIPISDFINKELI,S000005032,YNL088W,TOP2
9,P06786,DP00076,1077,1107,EQINDVKGATSDEEDEESSHEDTENVINGPE,S000005032,YNL088W,TOP2
10,P06786,DP00076,1179,1202,GNVPNKGSKTKGKGKRKLVDDEDY,S000005032,YNL088W,TOP2
11,P06786,DP00076,408,417,EENALKKSDG,S000005032,YNL088W,TOP2
12,P06786,DP00076,631,651,QGNDKDYIDLAFSKKKADDRK,S000005032,YNL088W,TOP2
13,P06786,DP00076,659,673,PGTVLDPTLKEIPIS,S000005032,YNL088W,TOP2
14,P06786,DP00076,1071,1105,PNDEIAEQINDVKGATSDEEDEESSHEDTENVING,S000005032,YNL088W,TOP2
15,P06786,DP00076,1178,1200,GGNVPNKGSKTKGKGKRKLVDDE,S000005032,YNL088W,TOP2
16,P06786,DP00076,258,274,LEKKRQLDNGEDGAAKS,S000005032,YNL088W,TOP2
17,P06786,DP00076,408,419,EENALKKSDGTR,S000005032,YNL088W,TOP2
18,P06786,DP00076,1070,1105,SPNDEIAEQINDVKGATSDEEDEESSHEDTENVING,S000005032,YNL088W,TOP2
19,P06786,DP00076,259,274,EKKRQLDNGEDGAAKS,S000005032,YNL088W,TOP2
20,P06786,DP00076,1203,1428,DPSKKNKKSTARKGKKIKLEDKNFERILLEQKLVTKSKAPTKIKKEKTPSVSETKTEEEENAPSSTSSSSIFDIKKEDKDEGELSKISNKFKKISTIFDKMGSTSATSKENTPEQDDVATKKNQTTAKKTAVKPKLAKKPVRKQQKVVELSGESDLEILDSYTDREDSNKDEDDAIPQRSRRQRSSRAASVPKKSYVETLELSDDSFIEDDEEENQGSDVSFNEED,S000005032,YNL088W,TOP2
21,P07248,DP00077,75,103,MNSKINKQLDKLPENLRLNGRTPSGKLRS,S000002624,YDR216W,ADR1
22,P07248,DP00077,84,102,DKLPENLRLNGRTPSGKLR,S000002624,YDR216W,ADR1
23,P07248,DP00077,86,102,LPENLRLNGRTPSGKLR,S000002624,YDR216W,ADR1
24,P39935,DP00082,393,490,LEAEIETTTDETDDGTNTVSHILNVLKDATPIEDVFSFNYPEGIEGPDIKYKKEHVKYTYGPTFLLQFKDKLNVKADAEWVQSTASKIVIPPGMGRGN,S000003394,YGR162W,TIF4631
26,P03069,DP00083,225,281,SDPAALKRARNTEAARRSRARKLQRMKQLEDKVEELLSKNYHLENEVARLKKLVGER,S000000735,YEL009C,GCN4
28,P03069,DP00083,101,134,STDSTPMFEYENLEDNSKEWTSLFDNDIPVTTDD,S000000735,YEL009C,GCN4
29,P32773,DP00104,1,10,MSNAEASRVY,S000005720,YOR194C,TOA1
30,P32773,DP00104,210,240,SALLDTDEVGSELDDSDDDYLISEGEEDGPD,S000005720,YOR194C,TOA1
31,P32773,DP00104,88,105,IKEENTGNEGLILPNINS,S000005720,YOR194C,TOA1
32,P31109,DP00113,1,93,MSSSTPFDPYALSEHDEERPQNVQSKSRTAELQAEIDDTVGIMRDNINKVAERGERLTSIEDKADNLAVSAQGFKRGANRVRKAMWYKDLKMK,S000000028,YAL030W,SNC1
35,P40357,DP00128,401,651,QRGYKTFEEIQKEEEARQQQEEDEAVDEIKQEIKFTKQSSVASTRNTLKMAQDAERAGMNTLGMLGHQSEQLNNVEGNLDLMKVQNKVADEKVAELKKLNRSILAVHVSNPFNSKRRRREREEQLKNRKIEEKLMREQTSQQLSQSTQRIEGAMNANNNISEVRERYQRKNVLEKAKRYQFENDEEDDEMELEIDRNLDQIQQVSNRLKKMALTTGKELDSQQKRLNNIEESTDDLDINLHMNTNRLAGIR,S000003241,YGR009C,SEC9
36,P10961,DP00135,1,167,MNNAANTGTTNESNVSDAPRIEPLPSLNDDDIEKILQPNDIFTTDRTDASTTSSTAIEDIINPSLDPQSAASPVPSSSFFHDSRKPSTSTHLVRRGTPLGIYQTNLYGHNSRENTNPNSTLLSSKLLAHPPVPYGQNPDLLQHAVYRAQPSSGTTNAQPRQTTRRYQ,S000003041,YGL073W,HSF1
37,Q03768,DP00163,1,265,MDYKEEQKQELEVLESIYPDELRIINDEYPKIKFEVAIKLELDTGDSTSVLTKEHTIIAEFKLPENYPDEPCLISLEAQEVALNDNEEDNEEDEDEVEYDDHGNKVLKKFENLPDLISFKGYLPELTVQLESQIETDMLLGMQMCFALISSIKERCEQWYSEQLNKLEKQYELEAQEREKKEQAKFHGTKVTRESYLEWRSKFRQELKLDERDQVRRMKAHHGKLTGKQMFEQGVVGTGDEYMEEDDASVDDVAKGLAKTEIANQ,S000002559,YDR152W,GIR2
40,P05318,DP00164,1,106,MSTESALSYAALILADSEIEISSEKLLTLTNAANVPVENIWADIFAKALDGQNLKDLLVNFSAGAAAPAGVAGGVAGGEAGEAEAEKEEEEAKEESDDDMGFGLFD,S000002239,YDL081C,RPP1A
42,P01094,DP00179,1,68,MNTDQQKVSEIFQSSKEKLQGDAKVVSDAFKKMASQDKDGKTTDADESEKHNYQEQYNKLKGAGHKKE,S000004786,YMR174C,PAI3
43,P01094,DP00179,2,34,NTDQQKVSEIFQSSKEKLQGDAKVVSDAFKKMA,S000004786,YMR174C,PAI3
44,P01094,DP00179,33,68,MASQDKDGKTTDADESEKHNYQEQYNKLKGAGHKKE,S000004786,YMR174C,PAI3
45,P01094,DP00179,2,32,NTDQQKVSEIFQSSKEKLQGDAKVVSDAFKK,S000004786,YMR174C,PAI3
47,P01094,DP00179,44,60,DADESEKHNYQEQYNKL,S000004786,YMR174C,PAI3
50,P32499,DP00222,1,720,MAKRVADAQIQRETYDSNESDDDVTPSTKVASSAVMNRRKIAMPKRRMAFKPFGSAKSDETKQASSFSFLNRADGTGEAQVDNSPTTESNSRLKALNLQFKAKVDDLVLGKPLADLRPLFTRYELYIKNILEAPVKSIENPTQTKGNDAKPAKVEDVQKSSDSSSEDEVKVEGPKFTIDAKPPISDSVFSFGPKKENRKKDESDSENDIEIKGPEFKFSGTVSSDVFKLNPSTDKNEKKTETNAKPFSFSSATSTTEQTKSKNPLSLTEATKTNVDNNSKAEASFTFGTKHAADSQNNKPSFVFGQAAAKPSLEKSSFTFGSTTIEKKNDENSTSNSKPEKSSDSNDSNPSFSFSIPSKNTPDASKPSFSFGVPNSSKNETSKPVFSFGAATPSAKEASQEDDNNNVEKPSSKPAFNLISNAGTEKEKESKKDSKPAFSFGISNGSESKDSDKPSLPSAVDGENDKKEATKPAFSFGINTNTTKTADTKAPTFTFGSSALADNKEDVKKPFSFGTSQPNNTPSFSFGKTTANLPANSSTSPAPSIPSTGFKFSLPFEQKGSQTTTNDSKEESTTEATGNESQDATKVDATPEESKPINLQNGEEDEVALFSQKAKLMTFNAETKSYDSRGVGEMKLLKKKDDPSKVRLLCRSDGMGNVLLNATVVDSFKYEPLAPGNDNLIKAPTVAADGKLVTYIVKFKQKEEGRSFTKAIEDAKKEMK,S000004327,YLR335W,NUP2
55,P40316,DP00256,1,110,MMPANEDKENNIVYTGNESSGINFPQTPAHLLKRSHSNILKPPVRLDQLKRDANSNNGNTLKYIQGGKEVSPTKRLHTHAQQQGRLPLAAKDNNRSKSFIFPETSNQSKD,S000002520,YDR113C,PDS1
57,Q12287,DP00277,1,27,MTETDKKQEQENHAECEDKPKPCCVCK,S000003932,YLL009C,COX17
58,P23202,DP00353,1,90,MMNNNGNQVSNLSNALRQVNIGNRNSNTTTDQSNINFEFSTGVNNNNNNNSSSNNNNVQNNNSGRNGSQNNDNENNIKNTLEQHRQQQQA,S000005173,YNL229C,URE2
62,P23202,DP00353,273,294,ELDTENAAAYSAGTTPMSQSRF,S000005173,YNL229C,URE2
63,P23202,DP00353,1,89,MMNNNGNQVSNLSNALRQVNIGNRNSNTTTDQSNINFEFSTGVNNNNNNNSSSNNNNVQNNNSGRNGSQNNDNENNIKNTLEQHRQQQQ,S000005173,YNL229C,URE2
64,P07342,DP00398,580,595,QGMVTQWQSLFYEHRY,S000004714,YMR108W,ILV2
65,P07342,DP00398,647,687,KKVPVLPMVAGGSGLDEFINFDPEVERQQTELRHKRTGGKH,S000004714,YMR108W,ILV2
66,P53551,DP00423,171,258,KASSPSSLTYKEMILKSMPQLNDGKGSSRIVLKKYVKDTFSSKLKTSSNFDYLFNSAIKKCVENGELVQPKGPSGIIKLNKKKVKLST,S000006048,YPL127C,HHO1
68,P53551,DP00423,166,252,TVTAKKASSPSSLTYKEMILKSMPQLNDGKGSSRIVLKKYVKDTFSSKLKTSSNFDYLFNSAIKKCVENGELVQPKGPSGIIKLNKK,S000006048,YPL127C,HHO1
71,P11632,DP00432,1,17,MVTPREPKKRTTRKKKD,S000006256,YPR052C,NHP6A
72,P11632,DP00432,1,16,MVTPREPKKRTTRKKK,S000006256,YPR052C,NHP6A
73,P11632,DP00432,1,23,MVTPREPKKRTTRKKKDPNAPKR,S000006256,YPR052C,NHP6A
74,Q6Q547,DP00475,49,58,KKRFGLVPGQ,S000007455,YHR072W-A,NOP10
75,Q6Q547,DP00475,17,38,LKKVTESGEITKSAHPARFSPD,S000007455,YHR072W-A,NOP10
76,Q6Q547,DP00475,42,58,SRQRVTLKKRFGLVPGQ,S000007455,YHR072W-A,NOP10
77,Q08826,DP00482,1,29,MPREFKSFGSTEKSLLSKGHGEPSYSEIY,S000005884,YOR357C,SNX3
78,P09938,DP00487,1,41,MPKETPSKAAADALSDLEIKDSKSNLNKELETLREENRVKS,S000003563,YJL026W,RNR2
79,P09938,DP00487,264,274,FSNELICRDEG,S000003563,YJL026W,RNR2
80,P49723,DP00488,1,51,MEAHNQFLKTFQKERHDMKEAEKDEILLMENSRRFVMFPIKYHEIWAAYKK,S000003412,YGR180C,RNR4
81,P06701,DP00533,216,549,SGQKTNRQVMHKMGVERSSKRLAKKPSMKKIKIEPSADDDVNNGNIPSQRGTSTTHGSISPQEESVSPNISSASPSALTSPTDSSKILQKRSISKELIVSEEIPINSSEQESDYEPNNETSVLSSKPGSKPEKTSTELVDGRENFVYANNPEVSDDGGLEEETDEVSSESSDEAIIPVNKRRGAHGSELSSKIRKIHIQETQEFSKNYTTETDNEMNGNGKPGIPRGNTKIHSMNENPTPEKGNAKMIDFATLSKLKKKYQIILDRFAPDNQVTDSSQLNKLTDEQSSLDVAGLEDKFRKACSSSGRETILSNFNADINLEESIRESLQKRELL,S000004434,YLR442C,SIR3
83,Q00955,DP00557,2048,2080,DDKYRELRSQLSNKSLAPEVHQQISKQLADRER,S000005299,YNR016C,ACC1
84,P53954,DP00618,79,92,PYCNAGGGGEKVLW,S000004993,YNL048W,ALG11
89,P45976,DP00625,80,195,DLEVIISLGPDPTRLDAKLLDSYSTAATSSSKDVISVATDVSNTITKTSDERLITEGEANQGVTATTVKATESDGNVPKAMTGSIDLDKEGIFDSVGITTIDPEVLKEKPWRQPGA,S000003853,YJR093C,FIP1
92,P38634,DP00631,1,90,MTPSTPPRSRGTRYLAQPSGNTSSSALMQGQKTPQKPSQNLVPVTPSTTKSFKNAPLLAPPNSNMGMTSPFNGLTSPQRSPFPKSSVKRT,S000004069,YLR079W,SIC1
99,P38634,DP00631,1,284,MTPSTPPRSRGTRYLAQPSGNTSSSALMQGQKTPQKPSQNLVPVTPSTTKSFKNAPLLAPPNSNMGMTSPFNGLTSPQRSPFPKSSVKRTLFQFESHDNGTVREEQEPLGRVNRILFPTQQNVDIDAAEEEEEGEVLLPPSRPTSARQLHLSLERDEFDQTHRKKIIKDVPGTPSDKVITFELAKNWNNNSPKNDARSQESEDEEDIIINPVRVGKNPFASDELVTQEIRNERKRAMLRENPDIEDVITYVNKKGEVVEKRRLTDEEKRRFKPKALFQSRDQEH,S000004069,YLR079W,SIC1
100,P08067,DP00687,81,92,SMTATADVLAMA,S000000750,YEL024W,RIP1
101,P22943,DP00705,1,109,MSDAGRKGFGEKASEALKPDSQKSYAEQGKEYITDKADKVAGKVQPEDNKGVFQGVHDSAEKGKDNAEGQGESLADQARDYMGAAKSKLNDAVEYVSGRVHGEEDPTKK,S000001880,YFL014W,HSP12
104,P20435,DP00771,1,71,MSDYEEAFNDGNENFEDFDVEHFSDEETYEEKPQFKDGETTDANGKTIVTGGNGPEDFQQHEQIRRKTLKE,S000006391,YPR187W,RPO26
105,P46670,DP00778,220,245,FNASTRDHLIIQDFSNPFQSEETEDN,S000006162,YPL241C,CIN2
106,P46670,DP00778,1,30,MDFTAKIKELERELSETSDYKTLQKKTISL,S000006162,YPL241C,CIN2
107,P38801,DP00788,118,184,VLDGNKNQFEPSISRSNFQGKHTKFENDELAESTTTKIIDSTDHIRKASSKKSKRLDKVGKKKGGKK,S000001123,YHR081W,LRP1
108,P40422,DP00818,1,24,MSREGFQIPTNLDAAAAGTSQART,S000001185,YHR143W-A,RPC10
109,Q03337,DP00835,1,54,MSQRIIQPSASDQQFPGKSDGYEYTVGPKQAITSEASTTYIPSRIYSESLLFKR,S000002880,YDR472W,TRS31
110,Q03337,DP00835,104,164,FRASVSPSSLPRASAFLSQNESSSKLSNASNSPGMLANSSTATSASANERLQEKQTESLSN,S000002880,YDR472W,TRS31
111,P00127,DP00853,1,72,MGMLELVGEYWEQLKITVVPVVAAAEDDDNEQHEEKAAEGEEKEEENGDEDEDEDEDEDDDDDDDEDEEEEE,S000001929,YFR033C,QCR6
112,P80428,DP00872,328,377,SGVNKSDKKVTPTEEKEQEAVSKSTSPAANSADTPNETGKRPLEEEKPPK,S000003617,YJL081C,ARP4
113,P80428,DP00872,199,226,EPKEIIPLFAIKQRKPEFIKKTFDYEVD,S000003617,YJL081C,ARP4
114,Q12406,DP00874,204,214,ENDMENMADEQ,S000006238,YPR034W,ARP7
115,Q12406,DP00874,262,276,EQLKQMDQQLQYTAL,S000006238,YPR034W,ARP7
116,Q12406,DP00874,353,379,TNPNGLGTSHINTNVGDNNSTASSSNI,S000006238,YPR034W,ARP7
117,P50106,DP00884,1,11,MMKGSRRTGNN,S000002563,YDR156W,RPA14
118,P50106,DP00884,49,79,NIIDSTTMNTISGNAADADAAAVANTSLNID,S000002563,YDR156W,RPA14
119,P50106,DP00884,101,137,PAQDFSAAPIQVSTTEKKETSIGVSATGGKKTTFADE,S000002563,YDR156W,RPA14
120,P50106,DP00884,1,16,MMKGSRRTGNNTATTL,S000002563,YDR156W,RPA14
121,P50106,DP00884,53,77,STTMNTISGNAADADAAAVANTSLN,S000002563,YDR156W,RPA14
122,P50106,DP00884,102,137,AQDFSAAPIQVSTTEKKETSIGVSATGGKKTTFADE,S000002563,YDR156W,RPA14
123,Q04660,DP00900,535,570,GYDTFGTVKKSNLEVNENGDGDEDGENESAKNAVKK,S000004652,YMR049C,ERB1
124,P46984,DP00958,1,123,MKLPVAQYSAPDGVEKSFAPIRDDPRYMTTEGRTTGPSDHVLNAGQIDRDKPSEPERTKDGSQLTYLGQLRTQLTGLQDDINEFLTGRMELAKNKKKAGADEKRIQEEINQLLDGGDGDEDAV,S000003720,YJL184W,GON7
125,P46984,DP00958,2,21,KLPVAQYSAPDGVEKSFAPI,S000003720,YJL184W,GON7
126,P46984,DP00958,65,113,TYLGQLRTQLTGLQDDINEFLTGRMELAKNKKKAGADEKRIQEEINQLL,S000003720,YJL184W,GON7
127,P39015,DP00994,85,117,SNTRRATDRHSRTGKTDTKKKVNQGWGDDKKEL,S000004140,YLR150W,STM1
128,P39015,DP00994,177,273,ERIETAEKEAYVPATKVKNVKSKQLKTKEYLEFDATFVESNTRKNFGDRNNNSRNNFNNRRGGRGARKGNNTANATNSANTVQKNRNIDVSNLPSLA,S000004140,YLR150W,STM1
129,P39015,DP00994,195,273,NVKSKQLKTKEYLEFDATFVESNTRKNFGDRNNNSRNNFNNRRGGRGARKGNNTANATNSANTVQKNRNIDVSNLPSLA,S000004140,YLR150W,STM1
130,P39015,DP00994,85,121,SNTRRATDRHSRTGKTDTKKKVNQGWGDDKKELSAEK,S000004140,YLR150W,STM1
131,P39015,DP00994,142,168,GKPKTAQLSLQDYLNQQANNQFNKVPE,S000004140,YLR150W,STM1
132,P01097,DP00995,28,50,GTPRGSGSEDSFVKRERATEDFF,S000002340,YDL181W,INH1
133,O94742,DP01014,1,89,MSTDVAAAQAQSKIDLTKKKNEEINKKSLEEDDEFEDFPIDTWANGETIKSNAVTQTNIWEENWDDVEVDDDFTNELKAELDRYKRENQ,S000007235,YDR363W-A,SEM1
135,P20676,DP01075,300,1076,IQESFVPNSERSGTPTLKKNIEPKKDKESIVLPTVGFDFIKDNETPSKKTSPKATSSAGAVFKSSVEMGKTDKSTKTAEAPTLSFNFSQKANKTKAVDNTVPSTTLFNFGGKSDTVTSASQPFKFGKTSEKSENHTESDAPPKSTAPIFSFGKQEENGDEGDDENEPKRKRRLPVSEDTNTKPLFDFGKTGDQKETKKGESEKDASGKPSFVFGASDKQAEGTPLFTFGKKADVTSNIDSSAQFTFGKAATAKETHTKPSETPATIVKKPTFTFGQSTSENKISEGSAKPTFSFSKSEEERKSSPISNEAAKPSFSFPGKPVDVQAPTDDKTLKPTFSFTEPAQKDSSVVSEPKKPSFTFASSKTSQPKPLFSFGKSDAAKEPPGSNTSFSFTKPPANETDKRPTPPSFTFGGSTTNNTTTTSTKPSFSFGAPESMKSTASTAAANTEKLSNGFSFTKFNHNKEKSNSPTSFFDGSASSTPIPVLGKPTDATGNTTSKSAFSFGTANTNGTNASANSTSFSFNAPATGNGTTTTSNTSGTNIAGTFNVGKPDQSIASGNTNGAGSAFGFSSSGTAATGAASNQSSFNFGNNGAGGLNPFTSATSSTNANAGLFNKPPSTNAQNVNVPSAFNFTGNNSTPGGGSVFNMNGNTNANTVFAGSNNQPHQSQTPSFNTNSSFTPSTVPNINFSGLNGGITNTATNALRPSDIFGANAASGSNSNVTNPSSIFGGAGGVPTTSFGQPQSAPNQMGMGTNNGMSMGGGVMANRKIARMRHSKR,S000005624,YOR098C,NUP1
138,Q02629,DP01076,1,640,MFGNNRPMFGGSNLSFGSNTSSFGGQQSQQPNSLFGNSNNNNNSTSNNAQSGFGGFTSAAGSNSNSLFGNNNTQNNGAFGQSMGATQNSPFGSLNSSNASNGNTFGGSSSMGSFGGNTNNAFNNNSNSTNSPFGFNKPNTGGTLFGSQNNNSAGTSSLFGGQSTSTTGTFGNTGSSFGTGLNGNGSNIFGAGNNSQSNTTGSLFGNQQSSAFGTNNQQGSLFGQQSQNTNNAFGNQNQLGGSSFGSKPVGSGSLFGQSNNTLGNTTNNRNGLFGQMNSSNQGSSNSGLFGQNSMNSSTQGVFGQNNNQMQINGNNNNSLFGKANTFSNSASGGLFGQNNQQQGSGLFGQNSQTSGSSGLFGQNNQKQPNTFTQSNTGIGLFGQNNNQQQQSTGLFGAKPAGTTGSLFGGNSSTQPNSLFGTTNVPTSNTQSQQGNSLFGATKLTNMPFGGNPTANQSGSGNSLFGTKPASTTGSLFGNNTASTTVPSTNGLFGNNANNSTSTTNTGLFGAKPDSQSKPALGGGLFGNSNSNSSTIGQNKPVFGGTTQNTGLFGATGTNSSAVGSTGKLFGQNNNTLNVGTQNVPPVNNTTQNALLGTTAVPSLQQAPVTNEQLFSKISIPNSITNPVKATTSKVNADMKR,S000001551,YKL068W,NUP100
141,P14907,DP01077,1,603,MNFNTPQQNKTPFSFGTANNNSNTTNQNSSTGAGAFGTGQSTFGFNNSAPNNTNNANSSITPAFGSNNTGNTAFGNSNPTSNVFGSNNSTTNTFGSNSAGTSLFGSSSAQQTKSNGTAGGNTFGSSSLFNNSTNSNTTKPAFGGLNFGGGNNTTPSSTGNANTSNNLFGATANANKPAFSFGATTNDDKKTEPDKPAFSFNSSVGNKTDAQAPTTGFSFGSQLGGNKTVNEAAKPSLSFGSGSAGANPAGASQPEPTTNEPAKPALSFGTATSDNKTTNTTPSFSFGAKSDENKAGATSKPAFSFGAKPEEKKDDNSSKPAFSFGAKSNEDKQDGTAKPAFSFGAKPAEKNNNETSKPAFSFGAKSDEKKDGDASKPAFSFGAKPDENKASATSKPAFSFGAKPEEKKDDNSSKPAFSFGAKSNEDKQDGTAKPAFSFGAKPAEKNNNETSKPAFSFGAKSDEKKDGDASKPAFSFGAKSDEKKDSDSSKPAFSFGTKSNEKKDSGSSKPAFSFGAKPDEKKNDEVSKPAFSFGAKANEKKESDESKSAFSFGSKPTGKEEGDGAKAAISFGAKPEEQKSSDTSKPAFTFGAQKDNEKKTEES,S000003577,YJL041W,NSP1
144,P14907,DP01077,498,607,KSNEKKDSGSSKPAFSFGAKPDEKKNDEVSKPAFSFGAKANEKKESDESKSAFSFGSKPTGKEEGDGAKAAISFGAKPEEQKSSDTSKPAFTFGAQKDNEKKTEESSTGK,S000003577,YJL041W,NSP1
145,P40477,DP01078,441,881,SGFTFLKTQPAAANSLQSQSSSTFGAPSFGSSAFKIDLPSVSSTSTGVASSEQDATDPASAKPVFGKPAFGAIAKEPSTSEYAFGKPSFGAPSFGSGKSSVESPASGSAFGKPSFGTPSFGSGNSSVEPPASGSAFGKPSFGTPSFGSGNSSAEPPASGSAFGKPSFGTSAFGTASSNETNSGSIFGKAAFGSSSFAPANNELFGSNFTISKPTVDSPKEVDSTSPFPSSGDQSEDESKSDVDSSSTPFGTKPNTSTKPKTNAFDFGSSSFGSGFSKALESVGSDTTFKFGTQASPFSSQLGNKSPFSSFTKDDTENGSLSKGSTSEINDDNEEHESNGPNVSGNDLTDSTVEQTSSTRLPETPSDEDGEVVEEEAQKSPIGKLTETIKKSANIDMAGLKNPVFGNHVKAKSESPFSAFATNITKPSSTTPAFSFGNSTMN,S000001377,YIL115C,NUP159
148,P40517,DP01079,1,203,MSETNGGNAARENSEVKQTAVENPIDKLDGTPKRPREKDQDEQAEETSDKSEAPNKNDEEKKEEGKKDQEPSHKKIKVDDGKTVESGIVEDDKKEDKFVFGAASKFGTGFGVAKKDTKDGDATTSTESLPASDSKTKKPFAFGSGLSFGSGFNILKNKTENNSESEKKATDVDKDKVHSGSEQLANASEDTKDKPKPLKLQKQ,S000001325,YIL063C,YRB2
151,P40019,DP01135,1,153,MSDEAKEKRELESQKESSHNKSEKSVEPKPKRRRRRNYDDYDAEVAKEETKAKNGLTKSENNGTVEDSESDMDDAKLDALMGNEGEEEEDDLAEIDTSNIITSGRRTRGKVIDYKKTAEELDKKEPSTGSKDDVGYGEKEEDDEDEEDDDFKE,S000000832,YER030W,CHZ1
152,P22470,DP01136,1,164,MSESGQEQNRGTNTSPNNAENNNNSNAASGPLNGGAEQTRNITVSIQYSYFTPERLAHLSNISNNDNNENNSAASGSTIANGTGPSFGIGNGGHQPDGALVLSFRDVPASTPQDRLNSFISVAAQLAMERFNRLLNRPKGISKDEFDKLPVLQVSDLPKAEGPL,S000002550,YDR143C,SAN1
155,P22470,DP01136,281,610,QKISESVGVQRAAQQDTDEVAANEAAFERIRRVLYDPTAVNSTNENSSAPSENTSNTTVPTIGNASSGEQMLSRTGFFLVPQNGQPLHNPVRLPPNDSDRNGVNGPSSTTQNPPSNSGGSNNNQSPRWVPIPLTLFQFHSPNPNPSASDSSASPSAANGPNSNNTSSDATDPHHNRLRAVLDHIFNVAQRGTSDTSATTAPGAQTVHNQGRNDSSSSDTTQGSSFLENISRLTGHFTNGSRDNNNDNNHSNDQQRGGSTGENNRNNLFSSGVASYRNQNGDVTTVELRNNNSAAFPPTDENPSQGQGSSSSDTTIHNDVPNDNNEQRSSQ,S000002550,YDR143C,SAN1
158,P38293,DP01140,1,148,MNIVPQDTFKSQVSTDQDKSVLSSAVPSLPDTLRQQEGGAVPLSTQLNDRHPLESTLKNWETTQRQRQMEQYRQIFGIAEPMKRTMEMEIVNRTDFNPLSTNGSIHRDILLNKECSIDWEDVYPGTGLQASTMVGDDVHSKIEKQLGI,S000000377,YBR173C,UMP1
161,P38293,DP01140,1,84,MNIVPQDTFKSQVSTDQDKSVLSSAVPSLPDTLRQQEGGAVPLSTQLNDRHPLESTLKNWETTQRQRQMEQYRQIFGIAEPMKR,S000000377,YBR173C,UMP1
163,P22216,DP01182,165,190,SNLKNTSKIASPGLTSSTASSMVANK,S000006074,YPL153C,RAD53
164,P22216,DP01182,1,14,MENITQPTQQSTQA,S000006074,YPL153C,RAD53
165,P22216,DP01182,170,190,TSKIASPGLTSSTASSMVANK,S000006074,YPL153C,RAD53
166,P22216,DP01182,344,356,KVQGNGSFMKTFC,S000006074,YPL153C,RAD53
167,P22216,DP01182,347,357,GNGSFMKTFCG,S000006074,YPL153C,RAD53
168,P22216,DP01182,369,381,GKDTSVSPDEYEE,S000006074,YPL153C,RAD53
169,P22216,DP01182,497,512,MDDAQYEFVKAQRKLQ,S000006074,YPL153C,RAD53
170,P46669,DP01185,95,111,LSKEDTSEKLIKITPDT,S000005867,YOR340C,RPA43
171,P34087,DP01187,57,68,QRGRILPTDGSA,S000002812,YDR404C,RPB7
172,P53874,DP01189,1,359,MTTQESIKPLVDRILSNPLQFNAAMISNKSNNNDTSAAPENSSYIVIGKQHNNNSNSTAIAATAESKQIKENNLIDRPNGKKTNTVPKSMAEALLLYTSKNDKDAADATGAKKSAELSTELSTEPPSSSSEDDKVGKEEEEEGEIFHEARDYVEPRKASLKERDNADKGDGEDIGEDIGEDIGEDIGEDIGEDIGENLGSPLATIDDSSNENEKEKRKELSTSISSDDEIEDDEDEDDMDYDSSAMEKELPEEEENDSSSKISEGEKKSLYQDLMENSTVEVNRYEPVNNTKENGNRNPKGEEEEEEEEELKHKSRSITPPVTISNLSNFYQFNENINDRGSLNSTRIVKNWGDKFTNL,S000005130,YNL186W,UBP10
174,P53874,DP01189,730,792,YTRLTPKSVPLPLAKSAMATGNVTSKSKQEQAVNEPNNRPLKINSKKNNRKKWKKNKKRKFTK,S000005130,YNL186W,UBP10
176,P39007,DP01195,299,351,MVSLFLILVLGVVGLSALTYMGLIAPWTGRFYSLWDTNYAKIHIPIIASVSEH,S000002990,YGL022W,STT3
178,P48439,DP01196,23,215,MSSNRLLKLANKSPKKIIPLKDSSFENILAPPHENAYIVALFTATAPEIGCSLCLELESEYDTIVASWFDDHPDAKSSNSDTSIFFTKVNLEDPSKTIPKAFQFFQLNNVPRLFIFKPNSPSILDHSVISISTDTGSERMKQIIQAIKQFSQVNDFSLHLPMDWTPIITSTIITFITVLLFKKQSKLMFSIIS,S000005611,YOR085W,OST3
180,P36100,DP01237,195,482,EENTFEIALARLIPPQNQSHAAYTYNPKKGSTMFRPGDSAPLPNLMGTALGNDSSRRAGANSQATLHINITTASDEVAQRELQERQAEEKRKQNAVPEWHKQSTIGKTALGRLDNEEEFDPVVTASAMDSINPDNEPAQETSYQNNRTLTEQEMEERENEKTLNDYYAALAKKQAKLNKEEEEEEEEEEDEEEEEEEEMEDVMDDNDETARENALEDEFEDVTDTAGTAKTESNTSNDVKQESINDKTEDAVNATATASGPSANAKPNDGDDDDDDDDDEMDIEFEDV,S000001511,YKL028W,TFA1
181,P25638,DP01243,92,111,GSVQIPVVEVDELPEGYDRS,S000000656,YCR060W,TAH1
182,P25638,DP01243,93,111,SVQIPVVEVDELPEGYDRS,S000000656,YCR060W,TAH1
183,P53905,DP01261,1,26,MHQQHSKSENKPQQQRKKFEGPKREA,S000005091,YNL147W,LSM7
184,P53905,DP01261,105,115,AEGSDVLYMQK,S000005091,YNL147W,LSM7
185,P41695,DP01294,29,230,QKEQHSQLNQTKIAYEQRLLNDLEDMDDPLDLFLDYMIWISTSYIEVDSESGQEVLRSTMERCLIYIQDMETYRNDPRFLKIWIWYINLFLSNNFHESENTFKYMFNKGIGTKLSLFYEEFSKLLENAQFFLEAKVLLELGAENNCRPYNRLLRSLSNYEDRLREMNIVENQNSVPDSRERLKGRLIYRTAPFFIRKFLTSS,S000003420,YGR188C,BUB1
186,P36152,DP01320,234,348,EELIDEDGSGKSMITMITCGKSKTKKKKACKDCTCGMKEQEENEINDIRSQQDKVVKFTEDELTEIDFTIDGKKVGGCGSCSLGDAFRCSGCPYLGLPAFKPGQPINLDSISDDL,S000001779,YKR071C,DRE2
187,P32639,DP01330,1,112,MTEHETKDKAKKIREIYRYDEMSNKVLKVDKRFMNTSQNPQRDAEISQPKSMSGRISAKDMGQGLCNNINKGLKENDVAVEKTGKSASLKKIQQHNTILNSSSDFRLHYYPK,S000000974,YER172C,BRR2
188,P32639,DP01330,193,257,TDYETHPDNSNKQAVAILADDEKSDEEEVTEMSNNANVLGGEINDNEDDDEEYDYNDVEVNSKKK,S000000974,YER172C,BRR2
189,P32639,DP01330,394,419,TTHSKRELDSGDDQPQSSEAKRTKFS,S000000974,YER172C,BRR2
190,P53330,DP01392,35,53,VSSNVQQPQQQLGDMENNL,S000003507,YGR275W,RTT102
191,P53330,DP01392,36,53,SSNVQQPQQQLGDMENNL,S000003507,YGR275W,RTT102
192,P53330,DP01392,91,157,ILKKSLMTSHTKGDTSKATGAPSANQGDEALSVDDIRGAVGNSEAIPGLSAGVNNDNTKESKDVKMN,S000003507,YGR275W,RTT102
196,P47093,DP01401,68,109,DAENDDSLAPIDEKKVPMLKDTKNKIENEHVIWEKVYESKTK,S000003783,YJR022W,LSM8
197,Q06406,DP01402,1,10,MSGKASTEGS,S000002786,YDR378C,LSM6
198,Q03071,DP01430,77,99,IPEFEIPTEMSLELLLAADYLSI,S000005967,YPL046C,ELC1
199,P36118,DP01471,1,322,MAIKKRNKIRLPSGSPEEVGIDGSAHKPMQQIKPLVSNDSEDDDNDICVLQPIKFKKVPKRDITFDGEQAIKEDNSHYEDLYHSKKNTNASTRNKDDLLILNMEDLMEGNHHLLSDSSEAGSSSEGEHISSIPTRGEIAKLKAQKSLSRRKISESDVTTERDYVKLLDSEDKREIMETIRLNGGLKRNNEKEITNFSDDEMQGFQDEMLALTDNQIAIQKDSKRKIIEKAINEVPYRTNEEWETQLLSKGNINKSNEKIITPLPVLFPDDDESGNSIERINEMVSKICLQRKKVEMRLQALEKTKIDLEKSKASLINKLIGN,S000001730,YKR022C,NTR2
202,P40161,DP01485,43,67,SNDRSGRHKKPRIDVSSDLLKTDEI,S000005150,YNL206C,RTT106
203,P33328,DP01502,1,91,MSSSVPYDPYVPPEESNSGANPNSQNKTAALRQEIDDTVGIMRDNINKVAERGERLTSIEDKADNLAISAQGFKRGANRVRKQMWWKDLKM,S000005854,YOR327C,SNC2
204,P32867,DP01503,192,265,EVQARHQELLKLEKSMAELTQLFNDMEELVIEQQENVDVIDKNVEDAQLDVEQGVGHTDKAVKSARKARKNKIR,S000006153,YPL232W,SSO1
205,P39926,DP01504,196,269,EVQARHQELLKLEKTMAELTQLFNDMEELVIEQQENVDVIDKNVEDAQQDVEQGVGHTNKAVKSARKARKNKIR,S000004795,YMR183C,SSO2
206,P32917,DP01511,147,238,NLSDNIPPKVAPFGYPIQRTSIKKSFLNASCTLCDEPISNRRKGEKIIELACGHLSHQECLIISFGTTSKADVRALFPFCTKCKKDTNKAVQ,S000002510,YDR103W,STE5
208,P53378,DP01513,439,473,AAEQDSYLDDVLVDDENMVGELEEDLDADGDHKLV,S000004202,YLR212C,TUB4
209,P25344,DP01515,235,249,HPSAVSTANTPGPSP,S000000537,YCL032W,STE50
210,Q06810,DP01516,194,333,TRASNILPIAYIPGVTSGLSTDKLQSKLRSSSKRQNAAGDIRSHITLGSSILDGLDDEDDEHNQVLNKDADDNLITAIRAKPKLVQIAEEESDKEIQDLDVIEEQTEADDLSHMAKSEASHGNNDEDDDEEGSFILDLEI,S000006279,YPR075C,OPY2
211,P04147,DP01538,419,502,YQQATAAAAAAAAGMPGQFMPPMFYGVMPPRGVPFNGPNPQQMNPMGGMPKNGMPPQFRNGPVYGVPPQGGFPRNANDNNQFYQ,S000000967,YER165W,PAB1
213,Q04964,DP01559,1,104,MQNSQDYFYAQNRCQQQQAPSTLRTVTMAEFRRVPLPPMAEVPMLSTQNSMGSSASASASSLEMWEKDLEERLNSIDHDMNNNKFGSGELKSMFNQGKVEEMDF,S000004523,YML058W,SML1
215,P34233,DP01579,420,500,SASSSPSPSTPTKSGKMRSRSSSPVRPKAYTPSPRSPNYHRFALDSPPQSPRRSSNSSITKKGSRRSSGSSPTRHTTRVCV,S000001668,YKL185W,ASH1
217,P19880,DP01584,300,322,SEFCSKMNQVCGTRQCPIPKKPI,S000004466,YML007W,YAP1
218,P19880,DP01584,565,650,NGSSLQNADKINNGNDNDNDNDVVPSKEGSLLRCSEIWDRITTHPKYSDIDVDGLCSELMAKAKCSERGVVINAEDVQLALNKHMN,S000004466,YML007W,YAP1
219,P21374,DP01593,97,235,DHTLMEKKTKRKRLEDSHVLMNSGKLINGKRYFGRALELPEVKEWLKQSQRQNDGGSINTKCIPKDRNDFYYHGKVTAALTEFEANWTSILKAHYNVPVNEDEEEMSRQTQEIHVPTLADMEHWLVQRRKKKLMDELNL,S000003811,YJR050W,ISY1
220,P21374,DP01593,96,235,IDHTLMEKKTKRKRLEDSHVLMNSGKLINGKRYFGRALELPEVKEWLKQSQRQNDGGSINTKCIPKDRNDFYYHGKVTAALTEFEANWTSILKAHYNVPVNEDEEEMSRQTQEIHVPTLADMEHWLVQRRKKKLMDELNL,S000003811,YJR050W,ISY1
221,P47142,DP01599,55,74,DNELDSGSTDNDDSKKISKN,S000003863,YJR102C,VPS25
222,P47142,DP01599,56,70,NELDSGSTDNDDSKK,S000003863,YJR102C,VPS25
223,P47142,DP01599,53,73,INDNELDSGSTDNDDSKKISK,S000003863,YJR102C,VPS25
224,Q12483,DP01604,1,22,MKQFGLAAFDELKDGKYNDVNK,S000005923,YPL002C,SNF8
225,Q12483,DP01604,1,19,MKQFGLAAFDELKDGKYND,S000005923,YPL002C,SNF8
226,Q06208,DP01606,152,186,EGIQSSKSKECIESMGQASYSGQLDFEASEKPSNH,S000004445,YLR453C,RIF2
227,Q06208,DP01606,49,60,KSVSSPKVCKPS,S000004445,YLR453C,RIF2
228,P29539,DP01607,1773,1856,SKSQIKEKLKKRLQRNELMPPDSPPRMTENTNINAQNGLDTVPKTIGGKEKHHEIQLGQAHTEADGEPLLGGDGNEDATSREAT,S000000479,YBR275C,RIF1
229,Q06696,DP01611,203,395,RLPNASKVRSKLNRLNFHDSRVHIELEKNSLARNKSSHSALSSSSSTGSSTEFVQLSFRKSDGVLFSQATERALENILTEKNKHIFNQNVVSVNGVDMRKGASSHEYNNEVPFIETKLSRIGISSLEKSRENQLLNNDILFNNALTDLNKLMSLATSIERLYKNSNITMKTKTLNLQDESTVNEPKTRRPLLI,S000004409,YLR417W,VPS36
230,Q06696,DP01611,1,395,MEYWHYVETTSSGQPLLREGEKDIFIDQSVGLYHGKSKILQRQRGRIFLTSQRIIYIDDAKPTQNSLGLELDDLAYVNYSSGFLTRSPRLILFFKDPSSKDELGKSAETASADVVSTWVCPICMVSNETQGEFTKDTLPTPICINCGVPADYELTKSSINCSNAIDPNANPQNQFGVNSENICPACTFANHPQIGNCEICGHRLPNASKVRSKLNRLNFHDSRVHIELEKNSLARNKSSHSALSSSSSTGSSTEFVQLSFRKSDGVLFSQATERALENILTEKNKHIFNQNVVSVNGVDMRKGASSHEYNNEVPFIETKLSRIGISSLEKSRENQLLNNDILFNNALTDLNKLMSLATSIERLYKNSNITMKTKTLNLQDESTVNEPKTRRPLLI,S000004409,YLR417W,VPS36
232,Q03834,DP01623,1,304,MAPATPKTSKTAHFENGSTSSQKKMKQSSLLSFFSKQVPSGTPSKKVQKPTPATLENTATDKITKNPQGGKTGKLFVDVDEDNDLTIAEETVSTVRSDIMHSQEPQSDTMLNSNTTEPKSTTTDEDLSSSQSRRNHKRRVNYAESDDDDSDTTFTAKRKKGKVVDSESDEDEYLPDKNDGDEDDDIADDKEDIKGELAEDSGDDDDLISLAETTSKKKFSYNTSHSSSPFTRNISRDNSKKKSRPNQAPSRSYNPSHSQPSATSKSSKFNKQNEERYQWLVDERDAQRRPKSDPEYDPRTLYIP,S000002504,YDR097C,MSH6
233,P14736,DP01628,633,754,QEDDNRKEHLLGALESWNTLLLKLRIRSKLNSTYGKIAEEEPNVTKEQNIADNHDNTETFMGGGFLPGIANHEARPYSEPSEPEDSLDYVSVDKAEESATDDDVGEDYSDFMKELEMSEESD,S000000964,YER162C,RAD4
234,P14736,DP01628,1,100,MNEDLPKEYFELIRKALNEKEAEKAPLSRRRRVRRKNQPLPDAKKKFKTGLNELPRESVVTVNLDSSDDGVVTVPTDDSVEEIQSSEEDYDSEEFEDVTD,S000000964,YER162C,RAD4
235,P32628,DP01629,77,147,STKTKVTEPPIAPESATTPGRENSTEASPSTDASAAPAATAPEGSQPQEEQTATTERTESASTPGFVVGTE,S000000763,YEL037C,RAD23
236,P32628,DP01629,185,265,MGIPENLRQPEPQQQTAAAAEQPSTAATTAEQPAEDDLFAQAAQGGNASSGALGTTGGATDAAQGGPPGSIGLTVEDLLSL,S000000763,YEL037C,RAD23
237,P32628,DP01629,230,254,GNASSGALGTTGGATDAAQGGPPGS,S000000763,YEL037C,RAD23
238,P32628,DP01629,311,355,DNMQDVMEGADDMVEGEDIEVTGEAAAAGLGQGEGEGSFQVDYTP,S000000763,YEL037C,RAD23
239,P32628,DP01629,310,346,GDNMQDVMEGADDMVEGEDIEVTGEAAAAGLGQGEGE,S000000763,YEL037C,RAD23
240,P07276,DP01631,642,690,EILERESEKESSNDENKDDDLEVLSEELFEDVPTKSQISKEAEDNDSRK,S000003490,YGR258C,RAD2
241,P07276,DP01631,642,760,EILERESEKESSNDENKDDDLEVLSEELFEDVPTKSQISKEAEDNDSRKVESINKEHRKPLIFDYDFSEDEEDNIVENMIKEQEEFDTFKNTTLSTSAERNVAENAFVEDELFEQQMKD,S000003490,YGR258C,RAD2
242,P32776,DP01638,64,85,GKVDESKKRKDNEGNEVVPKPQ,S000002719,YDR311W,TFB1
243,P32776,DP01638,65,84,KVDESKKRKDNEGNEVVPKP,S000002719,YDR311W,TFB1
244,P32776,DP01638,66,84,VDESKKRKDNEGNEVVPKP,S000002719,YDR311W,TFB1
245,P32776,DP01638,64,84,GKVDESKKRKDNEGNEVVPKP,S000002719,YDR311W,TFB1
246,Q3E840,DP01653,71,82,GIHPPEPIAAAA,S000007587,YBL071W-A,KTI11
247,Q06628,DP01732,268,738,NTNDELFSARHASVSHNSQGPQNQPEQEGQSDQDIGKRQPQFQQQQQPQQQQQQQQQQQRQHQVQTQQQRQIPDRRSLSLSPCTRANSFEPQSWQKKVYPISRPVQPFKVGSIGSQSASRNPSNSSFFNQPPVHRPSMSSNYGPQMNIEGTSVGSTSKYSSSFGNIRRHSSVKTTENAEKVSKAVKSPLQPQESQEDLMDFVKLLEEKPDLTIKKTSGNNPPNINISDSLIRYQNLKPSNDLLSEDLSVSLSMDPNHTYHRGRSDSHSPLPSISPSMHYGSLNSRMSQGANASHLIARGGGNSSTSALNSRRNSLDKSSNKQGMSGLPPIFGGESTSYHHDNKIQKYNQLGVEEDDDDENDRLLNQMGNSATKFKSSISPRSIDSISSSFIKSRIPIRQPYHYSQPTTAPFQAQAKFHKPANKLIDNGNRSNSNNNNHNGNDAVGVMHNDEDDQDDDLVFFMSDMNLSKEG,S000006389,YPR185W,ATG13
249,Q07528,DP01744,1,160,MSDLNDVQENAKLNSETRNTGKAEPPHGTTEYVAEAEISKNGVGSPKKSPKKGKVGKGDNNKVETELVHTALLEKDNPFMEEGPTGFTKSALLEIPGMRSHNLKNPNEDYEDDSEGLLPLNQESNAETCRTSLSGSINSMNGETSASEEPSVSNRKKSAR,S000002271,YDL113C,ATG20
250,P53632,DP01775,128,160,ASSEDEQAEQEEEREKQELEIKKEKQKEILNTD,S000005475,YOL115W,PAP2
251,P53632,DP01775,1,160,MGAKSVTASSSKKIKNRHNGKVKKSKKIKKVRKPQKSISLNDENEVEILPSRNEQETNKLPKDHVTADGILVLEHKSDDDEGFDVYDGHFDNPTDIPSTTEESKTPSLAVHGDEKDLANNDDFISLSASSEDEQAEQEEEREKQELEIKKEKQKEILNTD,S000005475,YOL115W,PAP2
252,P53632,DP01775,482,584,RGKARDFKDERGLVLNKAIIENENYHKKRSRIIHDEDFAEDTVTSTATATTTDDDYEITNPPAKKAKIEEKPESEPAKRNSGETYITVSSEDDDEDGYNPYTL,S000005475,YOL115W,PAP2
253,P25644,DP01825,422,469,KDVTDSLTNVDLASSGSSSTGSSAAAVASKQRRRSSYAFNNGNGATNL,S000000673,YCR077C,PAT1
254,P25644,DP01825,5,24,GLENSGNARDGPLDFEESYK,S000000673,YCR077C,PAT1
255,P25644,DP01825,55,79,GNPHSSGSSGNAIGGNGVGATARSY,S000000673,YCR077C,PAT1
256,P38968,DP01840,770,1100,KNVPVLPTPGMPSTTSIPSMQAPFYGMTPGASANALPPKPYVPATTTSAPVHTEGKYAPPSQPSMASPFVNKTNSSTRLNSFAPPPNPYATATVPATNVSTTSIPQNTFAPIQPGMPIMGDYNAQSSSIPSQPPINAVSGQTPHLNRKANDGWNDLPLKVKEKPSRAKAVSVAPPNILSTPTPLNGIPANAASTMPPPPLSRAPSSVSMVSPPPLHKNSRVPSLVATSESPRASISNPYAPPQSSQQFPIGTISTANQTSNTAQVASSNPYAPPPQQRVATPLSGGVPPAPLPKASNPYAPTATTQPNGSSYPPTGPYTNNHTMTSPPPVF,S000002354,YDL195W,SEC31
257,P47047,DP01867,1,85,MDSTDLFDVFEETPVELPTDSNGEKNADTNVGDTPDHTQDKKHGLEEEKEEHEENNSENKKIKSNKSKTEDKNKKVVVPVLADSF,S000003586,YJL050W,MTR4
258,P47047,DP01867,361,389,SNQIGDDPNSTDSRGKKGQTYKGGSAKGD,S000003586,YJL050W,MTR4
259,P47047,DP01867,672,809,SFLQPGRLVEISVNGKDNYGWGAVVDFAKRINKRNPSAVYTDHESYIVNVVVNTMYIDSPVNLLKPFNPTLPEGIRPAEEGEKSICAVIPITLDSIKSIGNLRLYMPKDIRASGQKETVGKSLREVNRRFPDGIPVLD,S000003586,YJL050W,MTR4
260,P47047,DP01867,699,713,AKRINKRNPSAVYTD,S000003586,YJL050W,MTR4
261,P47047,DP01867,943,961,FAFQERCKEAPRLKPELAE,S000003586,YJL050W,MTR4
262,P47047,DP01867,1,78,MDSTDLFDVFEETPVELPTDSNGEKNADTNVGDTPDHTQDKKHGLEEEKEEHEENNSENKKIKSNKSKTEDKNKKVVV,S000003586,YJL050W,MTR4
263,P47047,DP01867,363,391,QIGDDPNSTDSRGKKGQTYKGGSAKGDAK,S000003586,YJL050W,MTR4
264,P47047,DP01867,943,958,FAFQERCKEAPRLKPE,S000003586,YJL050W,MTR4
266,Q07930,DP01890,1,51,MFHRRKRPYNTRNYGHDDKKFKSQYIDIMPDFSPSGLLELESNNKEGIALK,S000004006,YLR016C,PML1
267,Q07930,DP01890,112,121,HSLDTDLDDR,S000004006,YLR016C,PML1
268,Q07930,DP01890,22,42,KSQYIDIMPDFSPSGLLELES,S000004006,YLR016C,PML1
269,Q07930,DP01890,1,61,MFHRRKRPYNTRNYGHDDKKFKSQYIDIMPDFSPSGLLELESNNKEGIALKHVEPQDAISP,S000004006,YLR016C,PML1
270,Q02554,DP01978,351,368,NHHSRSKKQGRNYFGALI,S000004853,YMR240C,CUS1
271,P32504,DP02033,1,43,MRSSILFLLKLMKIMDVQQQQEAMSSEDRFQELVDSLKPRTAH,S000003372,YGR140W,CBF2
272,P32504,DP02033,97,108,DKPGEKREETED,S000003372,YGR140W,CBF2
273,P32504,DP02033,168,182,ITTNETNNTNTQVLC,S000003372,YGR140W,CBF2
274,P32504,DP02033,414,423,TSYSTNAKKD,S000003372,YGR140W,CBF2
275,P32504,DP02033,538,551,PSQLTFASSHNPDT,S000003372,YGR140W,CBF2
276,P32504,DP02033,538,956,PSQLTFASSHNPDTHPTQKQESEGPLQMSQLDTTQLNELLKQQSFEYVQFQTLSNFQILLSVFNKIFEKLEMKKSSRGYILHQLNLFKITLDERIKKSKIDDADKFIRDNQPIKKEENIVNEDGPNTSRRTKRPKQIRLLSIADSSDESSTEDSNVFKKDGESIEDGAYGENEDENDSEMQEQLKSMINELINSKISTFLRDQMDQFELKINALLDKILEEKVTRIIEQKLGSHTGKFSTLKRPQLYMTEEHNVGFDMEVPKKLRTSGKYAETVKDNDDHQAMSTTASPSPEQDQEAKSYTDEQEFMLDKSIDSIEGIILEWFTPNAKYANQCVHSMNKSGNKSWRANCEALYKERKSIVEFYIYLVNHESLDRYKAVDICEKLRDQNEGSFSRLAKFLRKWRHDHQNSFDGLLVYLSN,S000003372,YGR140W,CBF2
277,P32504,DP02033,552,956,HPTQKQESEGPLQMSQLDTTQLNELLKQQSFEYVQFQTLSNFQILLSVFNKIFEKLEMKKSSRGYILHQLNLFKITLDERIKKSKIDDADKFIRDNQPIKKEENIVNEDGPNTSRRTKRPKQIRLLSIADSSDESSTEDSNVFKKDGESIEDGAYGENEDENDSEMQEQLKSMINELINSKISTFLRDQMDQFELKINALLDKILEEKVTRIIEQKLGSHTGKFSTLKRPQLYMTEEHNVGFDMEVPKKLRTSGKYAETVKDNDDHQAMSTTASPSPEQDQEAKSYTDEQEFMLDKSIDSIEGIILEWFTPNAKYANQCVHSMNKSGNKSWRANCEALYKERKSIVEFYIYLVNHESLDRYKAVDICEKLRDQNEGSFSRLAKFLRKWRHDHQNSFDGLLVYLSN,S000003372,YGR140W,CBF2
278,P41814,DP02050,61,78,GEEVSSDENRDSKPKNKI,S000005006,YNL062C,GCD10
279,P41814,DP02050,88,188,QEIKDVNNDKDDGQSEPPLSIKEKSVSLELSSIDSSATNQNLVNMGSKAQELTVEEIEKMKQESLSSKEIIDKIIKSHKSFHNKTVYSQEKYVNRKKQKFA,S000005006,YNL062C,GCD10
280,P41814,DP02050,453,478,EPVSENATAADSSEKLAEHGAKKQKI,S000005006,YNL062C,GCD10
281,P33322,DP02055,351,394,GLGPVAQKKKQMKADGKLDKYGRVNENTPEQWKKEYVPLDNAEQ,S000004165,YLR175W,CBF5
282,P33411,DP02073,198,217,TSVGIHARSAHSKIQGGRNA,S000003238,YGR006W,PRP18
283,P27472,DP02097,640,705,GGKKLKVARPLSVPGSPRDLRSNSTVYMTPGDLGTLQEVNNADDYFSLGVNPAADDDDDGPYADDS,S000004248,YLR258W,GSY2
284,P27472,DP02097,627,705,GEELNDSNMDALAGGKKLKVARPLSVPGSPRDLRSNSTVYMTPGDLGTLQEVNNADDYFSLGVNPAADDDDDGPYADDS,S000004248,YLR258W,GSY2
285,P27472,DP02097,648,705,RPLSVPGSPRDLRSNSTVYMTPGDLGTLQEVNNADDYFSLGVNPAADDDDDGPYADDS,S000004248,YLR258W,GSY2
287,P27472,DP02097,402,413,HNGLTTELPTDL,S000004248,YLR258W,GSY2
288,Q02199,DP02122,121,154,QTSRGLFGNNNTNNINNSSSGMNNASAGLFGSKP,S000003140,YGL172W,NUP49
290,Q03281,DP02124,99,140,ETNKRKREQISTDNEAKMQIQEEKSPKKKRKKRSSKANKPPE,S000002866,YDR458C,HEH2
292,P04386,DP02132,107,144,VTDRLASVETDMPLTLRQHRISATSSSEESSNKGQRQL,S000006169,YPL248C,GAL4
293,P32337,DP02144,80,90,PSSKLMIMSKN,S000004925,YMR308C,PSE1
294,P47054,DP02145,328,424,DTSIVEQDKSMELFYDIRSLLERHIPRLIPKQLLDDEKIFSQTTNSTYNPASATDNMSGRGLWNPSYPGMMSTTGTARLNSMPNNVNEYSYTTIVLS,S000003576,YJL039C,NUP192
295,P47054,DP02145,576,601,LHKRQQFSESTHNDIDSTAVALEEGL,S000003576,YJL039C,NUP192
296,P47054,DP02145,799,813,SIPAAANLDALVDCE,S000003576,YJL039C,NUP192
297,P49687,DP02155,1,125,MFNKSVNSGFTFGNQNTSTPTSTPAQPSSSLQFPQKSTGLFGNVNVNANTSTPSPSGGLFNANSNANSISQQPANNSLFGNKPAQPSGGLFGATNNTTSKSAGSLFGNNNATANSTGSTGLFSGS,S000003060,YGL092W,NUP145
298,P49687,DP02155,1,124,MFNKSVNSGFTFGNQNTSTPTSTPAQPSSSLQFPQKSTGLFGNVNVNANTSTPSPSGGLFNANSNANSISQQPANNSLFGNKPAQPSGGLFGATNNTTSKSAGSLFGNNNATANSTGSTGLFSG,S000003060,YGL092W,NUP145
299,P46673,DP02156,1,43,MTIDDSNRLLMDVDQFDFLDDGTAQLSNNKTDEEEQLYKRDPV,S000003803,YJR042W,NUP85
300,P35729,DP02157,30,52,NNSNNNGLKEGDKSISTPVPQPY,S000001540,YKL057C,NUP120
301,P36161,DP02158,1,55,MSEKKVHLRLRKELSVPIAVVENESLAQLSYEEESQASLMDISMEQQQLRLHSHF,S000001790,YKR082W,NUP133
302,P32566,DP02159,340,505,QENLRSQQQKSQPDTSLQEQKYVPASQKKVAAEQPSTLNAESIKGEDSGSADVQSVQDHESVKIVKTEPSEAETTTVNTESLGQAEHEIKADNVDIKQESERKEDEKQPKVEEKEHVENEHVTESAKKDDDVNKQTEEMNKKEENEIRSDDAKVEEAREEFENIAL,S000003461,YGR229C,SMI1
303,P21734,DP02193,150,172,SETSNGQKGNVEESDLYGIDHDL,S000002584,YDR177W,UBC1
304,P53136,DP02195,434,463,VTELEEDADELWNKLEGKVAASKASKKSKI,S000003079,YGL111W,NSA1
305,P32521,DP02220,1191,1480,FGGHVNVPQAAPVAPSAAFSQNSTNAPRSVHAAVTPAAGKNSTGLPSTTMGHNPYFKDASASSTSTFDARAAEMQRRIQRGLDEDEDDGWSDEDESNNRVAVDNKVEEAKIGHPDHARAPPVTAAPLPSVTPVPPAVPVPQANTSNEKSSPIPIAPIPPSVTQEPPVPLAPPLPAVDGFQEPPIPSAPAIATAVQKSGSSTPALAGGVLPPPPPLPTQQASTSEPIIAHVDNYNGAEKGTGAYGSDSDDDVLSIPESVGTDEEEEGAQPVSTAGIPSIPPAGIPPPPPLP,S000001445,YIR006C,PAN1
307,Q02821,DP02227,510,530,GEEEDAVDETMAPQNAGNTFG,S000005133,YNL189W,SRP1
308,P38862,DP02249,618,630,VFEWEDDESDEIA,S000001214,YHR171W,ATG7
309,P02309,DP02260,85,103,LDVVYALKRQGRTLYGFGG,S000000213,YBR009C,HHF1
310,P02309,DP02260,85,103,LDVVYALKRQGRTLYGFGG,S000004975,YNL030W,HHF2
313,Q12306,DP02264,1,23,MSDSEVNQEAKPEVKPEVKPETH,S000002918,YDR510W,SMT3
314,Q05471,DP02295,605,614,LFGKGEESDG,S000002742,YDR334W,SWR1
315,Q05471,DP02295,599,627,SVGLSALFGKGEESDGDLDLDDSEDFTVN,S000002742,YDR334W,SWR1
316,P53865,DP02324,572,581,YDHILEKMVK,S000005169,YNL225C,CNM67
317,O60200,DP02325,67,81,DEAREEAPFENGGKL,S000007243,YKL053C-A,MDM35
318,Q05776,DP02326,62,71,LPTWVKPFLR,S000004183,YLR193C,UPS1
319,P36080,DP02355,1,295,MSNSLEERLRANSSAFDGLLALIPAKYYYDEKSQEQWKAKKKTKEQSKNDKLKKLDPEQRDDETSSTLEVMKKKEKDAKPVVLPGEKFKHMKMQKQKEATSKVEGDSDLNVEVNDPMIIAPDEDEEEEEDIKVIFDDEGNEIPLESKKDTTEPDRSVEKKSITEEEKLQRKKNLEALRSKLQAKISDMKSKRKAPGSREAILAQRKRKEELKKRKRLESEQEQDQDEIASDSDMEDIDSDLENNSKKRFKKGKKDSEINADGVMFQNIIFDDGARATSDLQRLRKAGRTKGPAKN,S000001565,YKL082C,RRP14
320,P36080,DP02355,394,434,KGKKRNKQEKMKRKYVGSAVPKKRAGFEGRLKTGKKKGGPK,S000001565,YKL082C,RRP14
321,P35201,DP02395,365,436,DPNAKENLIPEDPNEDIIERIESGGIENGEWLKHGILEANVKISDTKEETKDEIIAFAPNLSQTEQVKDTKD,S000001572,YKL089W,MIF2
322,P11746,DP02397,2,17,SDIEEGTPTNNGQQKE,S000004646,YMR043W,MCM1
323,Q12476,DP02464,147,159,DDNEKAKPKVLPF,S000002334,YDL175C,AIR2
324,Q12432,DP02466,44,53,DKPGGSSQAT,S000006227,YPR023C,EAF3
325,Q12000,DP02474,283,319,NKSFETDNADMPDDVTQGSAWDLTEFTDALKKADHQD,S000005617,YOR091W,TMA46
326,P36106,DP02476,1,231,MSVRTSSRSNKGQNKYIEYLLQEETEAPKKKRTKKKVDSAIEKNKKSDSSQEPRKDTENVRTDEVDEADEGYVRCLCGANNENYDAAEYSHGDMVQCDGCDTWQHIKCMTDGKDTIDGLMSEDSKYYCELCDPSLYAHLETSKEAEVSEDEDYHDDVYKPVNDHDDNDADVFLDEESPRKRKRSPDSAKGIHIKSKQVKKSNGSKKRNKSIDAAKSDTAENEMPTRKDFES,S000001488,YKL005C,BYE1
327,P36106,DP02476,366,594,EVPDKPMYVKTHKGDELIEDIAEPQEDILYSKDSIRLHNIDSIDSDKSKIEQTHAISKEPSPSTIINEESLNCAFLYPGLGLEFTGYLNYIGASQKLRRDIFKEAIGDGKLYVEGRLPTTTAAPYLKEISCSRAILVYQLFPSNDSESKTTFADVVDSLENKGRIAGIKPKTRYEKDFYIVPSKGGEIPEILKDILGSHNDERSERFSRMKSDERTLFAFVVVKQEFIH,S000001488,YKL005C,BYE1
328,Q12102,DP02480,423,625,EAFKVQLKEKKRDRNKKILLVKRESKKLANGNAIIDDTNGERAMRNQDILVENVNGVPPIDHIMGGDEDDDEEEENDNLLNLLKDNSEKSAAKKNTEVPVDIIIQPSAASKHKMFPFNPAKIKKDDYGTVVDFTMFLPDDSDNVNQNSRKRPLKDGAKTTSPVNEEDNKNEEEDGYNMSDPISKRSKHRASRYSGFSGTGEAE,S000004105,YLR115W,CFT2
329,P46674,DP02481,1,142,MNTSFGSVVPSTNFNFFKGHGNNDNTSANSTVNNSNFFLNSNETKPSKNVFMVHSTSQKKSQQPLQNLSHSPSYTENKPDKKKKYMINDAKTIQLVGPLISSPDNLGFQKRSHKARELPRFLINQEPQLEKRAFVQDPWDKA,S000002566,YDR159W,SAC3
330,P46674,DP02481,551,1301,NLASSVYVKDPKKDRIPSIADQSFLMENFQNNYNEKLNQNSSVKPQINTSPKRVATRPNHFPFSQESKQLPQISQSHTLSTNPLLTPQVHGDLSEQKQQQIKTVTDGGSPFVFDQSAQNSTVEASKAHMISTTSNGAYDEKLSSEQEEMRKKEEQRIEEEKTQLKKKQENADKQVITEQIANDLVKEVVNSSVISIVKREFSEANYRKDFIDTMTRELYDAFLHERLYLIYMDSRAELKRNSTLKKKFFEKWQASYSQAKKNRILEEKKREEIKLVSHQLGVPGFKKSTCLFRTPYKGNVNSSFMLSSSDKNLIFSPVNDEFNKFATHLTKISKLWRPLEMQSIYYDNLTKKFPSNSLTPANLFIYAKDWTSLSNRWILSKFNLQTAQDSKKFSNNIISSRIICIDDEYEPSDFSDLQLLIFNTGVTNPDIFDLEMKLKDDGEELIKLITGISLNTNICFSLLIIYWESAENTLSESTIKHLLKLNRISKNYSSVIERIDLMNLTEESPHKCLEDKLSEISHSYVYKLTERGKYDKTLRQKRSLAGIHSRSTQLQTTKDIDQKMKKMLEKEKNKYQQQIGERNTYAHLESHIDASPRSKKRKLPILLSTSHSSQFKTPLASRLNTSGSSTSPPLPSHLAMKFRKNSRVTSLHTVLPVSTPSHSNNIPAASFSGNNTTDIQSQQLIENQKSTSVYLNNVSERILGNQEICQTPINPVTPVLDGADQGKEDIPDSILELKILIDSVKKKVNND,S000002566,YDR159W,SAC3
331,P46674,DP02481,720,805,NADKQVITEQIANDLVKEVVNSSVISIVKREFSEANYRKDFIDTMTRELYDAFLHERLYLIYMDSRAELKRNSTLKKKFFEKWQAS,S000002566,YDR159W,SAC3
332,Q05022,DP02513,1,1408,MVASTKRKRDEDFPLSREDSTKQPSTSSLVRNTEEVSFPRGGASALTPLELKQVANEAASDVLFGNESVKASEPASRPLKKKKTTKKSTSKDSEASSANSDEARAGLIEHVNFKTLKNGSSLLGQISAITKQDLCITFTDGISGYVNLTHISEEFTSILEDLDEDMDSDTDAADEKKSKVEDAEYESSDDEDEKLDKSNELPNLRRYFHIGQWLRCSVIKNTSLEPSTKKSKKKRIELTIEPSSVNIYADEDLVKSTSIQCAVKSIEDHGATLDVGLPGFTGFIAKKDFGNFEKLLPGAVFLGNITKKSDRSIVVNTDFSDKKNKITQISSIDAIIPGQIVDLLCESITKNGIAGKVFGLVSGVVNVSHLRTFSEEDLKHKFVIGSSIRCRIIACLENKSGDKVLILSNLPHILKLEDALRSTEGLDAFPIGYTFESCSIKGRDSEYLYLALDDDRLGKVHSSRVGEIENSENLSSRVLGYSPVDDIYQLSTDPKYLKLKYLRTNDIPIGELLPSCEITSVSSSGIELKIFNGQFKASVPPLHISDTRLVYPERKFKIGSKVKGRVISVNSRGNVHVTLKKSLVNIEDNELPLVSTYENAKNIKEKNEKTLATIQVFKPNGCIISFFGGLSGFLPNSEISEVFVKRPEEHLRLGQTVIVKLLDVDADRRRIIATCKVSNEQAAQQKDTIENIVPGRTIITVHVIEKTKDSVIVEIPDVGLRGVIYVGHLSDSRIEQNRAQLKKLRIGTELTGLVIDKDTRTRVFNMSLKSSLIKDAKKETLPLTYDDVKDLNKDVPMHAYIKSISDKGLFVAFNGKFIGLVLPSYAVDSRDIDISKAFYINQSVTVYLLRTDDKNQKFLLSLKAPKVKEEKKKVESNIEDPVDSSIKSWDDLSIGSIVKAKIKSVKKNQLNVILAANLHGRVDIAEVFDTYEEITDKKQPLSNYKKDDVIKVKIIGNHDVKSHKFLPITHKISKASVLELSMKPSELKSKEVHTKSLEEINIGQELTGFVNNSSGNHLWLTISPVLKARISLLDLADNDSNFSENIESVFPLGSALQVKVASIDREHGFVNAIGKSHVDINMSTIKVGDELPGRVLKIAEKYVLLDLGNKVTGISFITDALNDFSLTLKEAFEDKINNVIPTTVLSVDEQNKKIELSLRPATAKTRSIKSHEDLKQGEIVDGIVKNVNDKGIFVYLSRKVEAFVPVSKLSDSYLKEWKKFYKPMQYVLGKVVTCDEDSRISLTLRESEINGDLKVLKTYSDIKAGDVFEGTIKSVTDFGVFVKLDNTVNVTGLAHITEIADKKPEDLSALFGVGDRVKAIVLKTNPEKKQISLSLKASHFSKEAELASTTTTTTTVDQLEKEDEDEVMADAGFNDSDSESDIGDQNTEVADRKPETSSDGLSLSAGFD,S000004842,YMR229C,RRP5
333,Q01080,DP02519,115,415,SKSDTRPSALRNALGEAFGTKKAKKAIADLERNRIDSDKLTDSAIDIVDSVRTASKDLPTRAQLDEITSNDRPTPLANIDATDVEQIYPIESIIPKKELQFIRVSSILKEADKEKKLELFPYQNNSKYVAKKLDSLTQPSQMTKLQLLYYLSLLLGVYENRRVNNKTKLLERLNSPPEILVDGILSRFTVIKPGQFGRSKDRSYFIDPQNEDKILCYILAIIMHLDNFIVEITPLAHELNLKPSKVVSLFRVLGAIVKGATVAQAEAFGIPKSTAASYKIATMKVPFKLPEMTRRGRGPRR,S000005192,YNL248C,RPA49
334,Q01080,DP02519,116,415,KSDTRPSALRNALGEAFGTKKAKKAIADLERNRIDSDKLTDSAIDIVDSVRTASKDLPTRAQLDEITSNDRPTPLANIDATDVEQIYPIESIIPKKELQFIRVSSILKEADKEKKLELFPYQNNSKYVAKKLDSLTQPSQMTKLQLLYYLSLLLGVYENRRVNNKTKLLERLNSPPEILVDGILSRFTVIKPGQFGRSKDRSYFIDPQNEDKILCYILAIIMHLDNFIVEITPLAHELNLKPSKVVSLFRVLGAIVKGATVAQAEAFGIPKSTAASYKIATMKVPFKLPEMTRRGRGPRR,S000005192,YNL248C,RPA49
336,P04050,DP02527,1549,1716,YSPTSPAYSPTSPSYSPTSPSYSPTSPSYSPTSPSYSPTSPSYSPTSPSYSPTSPSYSPTSPSYSPTSPSYSPTSPSYSPTSPSYSPTSPSYSPTSPSYSPTSPSYSPTSPAYSPTSPSYSPTSPSYSPTSPSYSPTSPSYSPTSPNYSPTSPSYSPTSPGYSPGSPA,S000002299,YDL140C,RPO21
337,P04050,DP02527,1456,1733,EQKITEIEDGQDGGVTPYSNESGLVNADLDVKDELMFSPLVDSGSNDAMAGGFTAYGGADYGEATSPFGAYGEAPTSPGFGVSSPGFSPTSPTYSPTSPAYSPTSPSYSPTSPSYSPTSPSYSPTSPSYSPTSPSYSPTSPSYSPTSPSYSPTSPSYSPTSPSYSPTSPSYSPTSPSYSPTSPSYSPTSPSYSPTSPSYSPTSPAYSPTSPSYSPTSPSYSPTSPSYSPTSPSYSPTSPNYSPTSPSYSPTSPGYSPGSPAYSPKQDEQKHNENENSR,S000002299,YDL140C,RPO21
338,P04050,DP02527,1446,1733,DEESLVKYMPEQKITEIEDGQDGGVTPYSNESGLVNADLDVKDELMFSPLVDSGSNDAMAGGFTAYGGADYGEATSPFGAYGEAPTSPGFGVSSPGFSPTSPTYSPTSPAYSPTSPSYSPTSPSYSPTSPSYSPTSPSYSPTSPSYSPTSPSYSPTSPSYSPTSPSYSPTSPSYSPTSPSYSPTSPSYSPTSPSYSPTSPSYSPTSPSYSPTSPAYSPTSPSYSPTSPSYSPTSPSYSPTSPSYSPTSPNYSPTSPSYSPTSPGYSPGSPAYSPKQDEQKHNENENSR,S000002299,YDL140C,RPO21
340,P04050,DP02527,1455,1733,PEQKITEIEDGQDGGVTPYSNESGLVNADLDVKDELMFSPLVDSGSNDAMAGGFTAYGGADYGEATSPFGAYGEAPTSPGFGVSSPGFSPTSPTYSPTSPAYSPTSPSYSPTSPSYSPTSPSYSPTSPSYSPTSPSYSPTSPSYSPTSPSYSPTSPSYSPTSPSYSPTSPSYSPTSPSYSPTSPSYSPTSPSYSPTSPSYSPTSPAYSPTSPSYSPTSPSYSPTSPSYSPTSPSYSPTSPNYSPTSPSYSPTSPGYSPGSPAYSPKQDEQKHNENENSR,S000002299,YDL140C,RPO21
341,P10081,DP02562,223,233,LVKKDELTLEG,S000001767,YKR059W,TIF1
342,P10081,DP02562,223,233,LVKKDELTLEG,S000003674,YJL138C,TIF2
343,Q05080,DP02589,276,300,HKTSKGDMNSSANWAQMSSISTTSK,S000004635,YMR032W,HOF1
344,P32357,DP02721,153,171,LKSSLQKAGSKMEAKNEDD,S000000170,YBL074C,AAR2
345,P33334,DP02722,2087,2147,NIKAPSVKRQKMAELEAARSEKQNDEEAAGASTVMKTKTINAQGEEIVVVASADYESQTFS,S000001208,YHR165C,PRP8
346,Q04049,DP02736,510,528,DLQKTVVDMFGNQVHTFKS,S000002827,YDR419W,RAD30
347,Q04049,DP02736,510,632,DLQKTVVDMFGNQVHTFKSSAGKEDEEKTTSSKADEKTPKLECCKYQVTFTDQKALQEHADYHLALKLSEGLNGAEESSKNLSFGEKRLLFSRKRPNSQHTATPQKKQVTSSKNILSFFTRKK,S000002827,YDR419W,RAD30
348,Q03653,DP02751,217,232,ALESNLGKRLSRTQTR,S000004825,YMR212C,EFR3
349,P25299,DP02761,127,232,SNGPDFQNSGNANFLSQKFPELPSGIDVNINMTTPAMMISSELAKKPKEVQLKFLQKFQEWTRAHPEDAVSLLELCPQLSFVTAELLLTNGICKVDDLIPLASRPQ,S000003012,YGL044C,RNA15
351,P09950,DP02768,58,71,AAAAANHSTQESGF,S000002640,YDR232W,HEM1
352,P09950,DP02768,83,113,KKRLDKSYRYFNNINRLAKEFPLAHRQREAD,S000002640,YDR232W,HEM1
353,P09950,DP02768,147,156,AGGTRNIAGH,S000002640,YDR232W,HEM1
354,P09950,DP02768,538,548,KQLEVSSGIKQ,S000002640,YDR232W,HEM1
355,P06782,DP02769,200,214,NIMTDGNFLKTSCGS,S000002885,YDR477W,SNF1
356,P06782,DP02769,197,212,GLSNIMTDGNFLKTSC,S000002885,YDR477W,SNF1
357,P16892,DP02784,164,179,ESAADNSEPTGQQSGM,S000000112,YBL016W,FUS3
358,P0CY08,DP02806,103,132,QLTQKNKSADGLVFNVVTQDMINKSTKPYR,S000000635,YCR039C,MATALPHA2
359,P0CY08,DP02806,190,210,ITIAPELADLLSGEPLAKKKE,S000000635,YCR039C,MATALPHA2
360,P53927,DP02808,179,191,YKKRVLVEKGITK,S000005054,YNL110C,NOP15
361,P53927,DP02808,181,220,KRVLVEKGITKPVKQLKDNMKQKHEERIKKLAKSGIEFKW,S000005054,YNL110C,NOP15
363,P53927,DP02808,1,87,MVKSTSKTSTKETVTKQPTEEKPIQEKEELALETSSSSSDEEDEKDEDEIEGLAASDDEQSGTHKIKRLNPKKQANEKKSKDKKTLE,S000005054,YNL110C,NOP15
364,P53193,DP02809,47,60,HHPDMAQQGSEQSS,S000002986,YGL018C,JAC1
365,P53193,DP02809,91,100,EQTSNEVTTS,S000002986,YGL018C,JAC1
366,P40344,DP02826,1,20,MIRSTLSSWREYLTPITHKS,S000005290,YNR007C,ATG3
367,P40344,DP02826,84,128,VEVEGPDVIMKGFAEDGDEDDVLEYIGSETEHVQSTPAGGTKDSS,S000005290,YNR007C,ATG3
368,P40344,DP02826,143,162,EEDENDDTEEFNAKGGLAKD,S000005290,YNR007C,ATG3
369,P40344,DP02826,84,162,VEVEGPDVIMKGFAEDGDEDDVLEYIGSETEHVQSTPAGGTKDSSIDDIDELIQDMEIKEEDENDDTEEFNAKGGLAKD,S000005290,YNR007C,ATG3
370,P40344,DP02826,129,142,IDDIDELIQDMEIK,S000005290,YNR007C,ATG3
373,P40344,DP02826,142,162,KEEDENDDTEEFNAKGGLAKD,S000005290,YNR007C,ATG3
374,P40344,DP02826,247,280,VRVVRQRRRKELQEEQELDGVGDWEDLQDDIDDS,S000005290,YNR007C,ATG3
375,P47110,DP02847,117,350,VSESSKIIERTKTLEEKSKPLVRPTARSKTTPEETTGRKSKSKDMGLRSTALLAKMKKDRDDKETSRQNELRKRKEENLQKINKQNPEREAQMKELNNLFVEDDLDTEEVNGGSKPNSPKETDSNDKDKNNDDLEDLLETTAEDSLMDVPKIQQTKPSETEHSKEPKSEEEPSSFIDEDGYIVTKRPATSTPPRKPSPVVKRALSSSKKQETPSSNKRLKKQGTLESFFKRKAK,S000003804,YJR043C,POL32
376,P15436,DP02848,1007,1051,EACKSCKGPLRKGEGPLCSNCLARSGELYIKALYDVRDLEEKYSR,S000002260,YDL102W,POL3
377,P53853,DP02908,226,264,EEGESGLSADGDSEDDDGSLGEVDLPLSDEEPSSKKRKV,S000005190,YNL246W,VPS75
378,Q02521,DP02917,10,185,SKTLKKNISKKTKKKNSLQKANLFDWDDAETASLSHKPQSKIKIQSIDKFDLDEESSSKKKLVIKLSENADTKKNDAPLVEYVTEKEYNEVPVEEFGDALLRGMGWESDSEQDSKGDKTQSRNKDVSNVSQIHPDGLGIGAKLNKAINVEEASFMPVVKIDKITGTKVDDDKKNKS,S000005674,YOR148C,SPP2
379,Q02521,DP02917,10,150,SKTLKKNISKKTKKKNSLQKANLFDWDDAETASLSHKPQSKIKIQSIDKFDLDEESSSKKKLVIKLSENADTKKNDAPLVEYVTEKEYNEVPVEEFGDALLRGMGWESDSEQDSKGDKTQSRNKDVSNVSQIHPDGLGIGA,S000005674,YOR148C,SPP2
381,P30771,DP03226,213,224,INDIDAPEEQEA,S000004685,YMR080C,NAM7
